barCode,locationDisplay,productTypeName,productName,strainName,testing,totalThcPercent,expirationDate
8760158933068129,Location 2330 Sudderth - Ruidoso,Cannabis Packaged,1g Grand Daddy Pre-roll,Grand Daddy Purple,Pass,22.6,2027-08-31
2890426112790320,Location 2330 Sudderth - Ruidoso,Concentrate (Volatile Solvent) Vaporizer Packaged,True Roots - BHO - 1g - Mango Gas - 1.00 gram,Mixed,Pass,73.71,2027-09-01
0216005356689061,Location 6505 US 380 - Carrizozo,Cannabis Packaged,True Roots - Pre Roll - Snozzberries - 1g,Snozzberries,Pass,25.47,2027-09-01
0373011412432270,Location 2330 Sudderth - Ruidoso,Cannabis Packaged,Hippy Trout - Joint - PKB - 1g,Platinum Kush Breath-INDICA,Pass,2.5,2027-09-01
0931714459015980,Location 2330 Sudderth - Ruidoso,Cannabis Packaged,1g Aquarius Garlic Cocktail,Garlic Cocktail,Pass,26.02,2027-08-31
0941402841885572,Location 876 NM-48 - Alto,Cannabis Packaged,1g Aries Zoap,Zoap,Pass,22.3,2027-08-31
0943290477625176,Location 2330 Sudderth - Ruidoso,Cannabis Packaged,1g Cancer Frosted Spritzer,Loco Weed 53,Pass,24,2027-08-31
0946810574081472,Location 2330 Sudderth - Ruidoso,Cannabis Packaged,1g Capricorn Purple Rain,Purple Rain,Pass,23.34,2027-08-31
0949722272295636,Location 2330 Sudderth - Ruidoso,Cannabis Packaged,1g Gemini Jelly Donutz,Jelly Donutz,Pass,18.28,2027-08-31
0958163783410241,Location 2330 Sudderth - Ruidoso,Cannabis Packaged,1g Leo Funk Mtn,Funk MTN,Pass,22.94,2027-08-31
0959988363204278,Location 2330 Sudderth - Ruidoso,Cannabis Packaged,1g Libra Dantes Inferno,Dantes Inferno #8,Pass,19.49,2027-08-31
0963046361317310,Location 2330 Sudderth - Ruidoso,Cannabis Packaged,1g Sag Chick n Waffle,Chicken n' Wafflez,Pass,27.51,2027-08-31
0971673068089460,Location 2330 Sudderth - Ruidoso,Cannabis Packaged,1g Virgo Sub Zero,Subzero,Pass,26.57,2027-08-31
1534460589170862,Location 2330 Sudderth - Ruidoso,Cannabis Packaged,Gush Mints 1g Doobie - 1.00 gram,Gush Mints,Pass,28.7,2027-08-31
1589736114979138,Location 2330 Sudderth - Ruidoso,Cannabis Packaged,Bubble Bath 1g Doobie - 1.00 gram,Bubble Bath,Pass,29.7,2027-08-31
1701187946831864,Location 2330 Sudderth - Ruidoso,Cannabis Packaged,Zips- Strawberry Candy (S),Strawberry Candy,Pass,24.72,2027-09-01
1761295146076527,Location 2330 Sudderth - Ruidoso,Cannabis Packaged,Zips- Chomsky (H),Chomsky,Pass,22.41,2027-09-01
2249406596147566,Location 2330 Sudderth - Ruidoso,Cannabis Packaged,Pineapple Express 1g Doobie - 1.00 gram,Pineapple Express,Pass,31.4,2027-08-31
2526329827743697,Location 876 NM-48 - Alto,Cannabis Packaged,SJ- Pebble Beach (S) 3.5g,Pebble Beach,Pass,28.08,2027-09-01
2754328657029749,Location 2330 Sudderth - Ruidoso,Cannabis Packaged,Baked Chicken Farm - Infused Joint - Jeffery - Smokey'z Candy - 2.2g,Smokey'z Candy,Pass,27.8,2027-09-01
2925384269666715,Location 2330 Sudderth - Ruidoso,Cannabis Packaged,1g apricot Scone Pre-roll,Apricot Scone,Pass,22.3,2027-08-31
2931013174779264,Location 2330 Sudderth - Ruidoso,Cannabis Packaged,1g Citrus Thai Pre-roll,Citrus Thai,Pass,22,2027-08-31
2936860960870487,Location 2330 Sudderth - Ruidoso,Cannabis Packaged,1g Grand Daddy Pre-roll,Grand Daddy Purple,Pass,22.6,2027-08-31
2972324621198879,Location 2330 Sudderth - Ruidoso,Cannabis Packaged,Hippy Trout - Joint - Gelato Frosting (I) - 1g,Gelato Frosting #5,Pass,23.95,2027-09-01
3166867314868297,Location 876 NM-48 - Alto,Cannabis Packaged,1g Aquarius Garlic Cocktail,Garlic Cocktail,Pass,26.02,2027-08-31
3167519136881122,Location 6505 US 380 - Carrizozo,Cannabis Packaged,1g Aquarius Garlic Cocktail,Garlic Cocktail,Pass,26.02,2027-08-31
3169300668999945,Location 876 NM-48 - Alto,Cannabis Packaged,1g Aries Zoap,Zoap,Pass,22.3,2027-08-31
3170709928873769,Location 6505 US 380 - Carrizozo,Cannabis Packaged,1g Aries Zoap,Zoap,Pass,22.3,2027-08-31
3173481517190465,Location 876 NM-48 - Alto,Cannabis Packaged,1g Cancer Frosted Spritzer,Loco Weed 53,Pass,24,2027-08-31
3178481870979540,Location 6505 US 380 - Carrizozo,Cannabis Packaged,1g Capricorn Purple Rain,Purple Rain,Pass,23.34,2027-08-31
3180808305904789,Location 6505 US 380 - Carrizozo,Cannabis Packaged,1g Doobie Gushers,Gush Mints,Pass,22.9,2027-08-31
3184678447471729,Location 6505 US 380 - Carrizozo,Cannabis Packaged,1g Gemini Jelly Donutz,Jelly Donutz,Pass,18.28,2027-08-31
3187247066419845,Location 876 NM-48 - Alto,Cannabis Packaged,1g Leo Funk Mtn,Funk MTN,Pass,22.94,2027-08-31
3188297800495869,Location 6505 US 380 - Carrizozo,Cannabis Packaged,1g Leo Funk Mtn,Funk MTN,Pass,22.94,2027-08-31
3190211942367025,Location 876 NM-48 - Alto,Cannabis Packaged,1g Libra Dantes Inferno,Dantes Inferno #8,Pass,19.49,2027-08-31
3190570386501466,Location 6505 US 380 - Carrizozo,Cannabis Packaged,1g Libra Dantes Inferno,Dantes Inferno #8,Pass,19.49,2027-08-31
3203449359572019,Location 876 NM-48 - Alto,Cannabis Packaged,1g Sag Chick n Waffle,Chicken n' Wafflez,Pass,27.51,2027-08-31
3209911045094617,Location 876 NM-48 - Alto,Cannabis Packaged,1g Virgo Sub Zero,Subzero,Pass,26.57,2027-08-31
3210470400103295,Location 6505 US 380 - Carrizozo,Cannabis Packaged,1g Virgo Sub Zero,Subzero,Pass,26.57,2027-08-31
3728577216761813,Location 6505 US 380 - Carrizozo,Cannabis Packaged,Hippy Trout - Joint - PKB - 1g,Platinum Kush Breath-INDICA,Pass,2.5,2027-09-01
4162924540955183,Location 2330 Sudderth - Ruidoso,Cannabis Packaged,Candyland - Fat Eighths - Cadillac Rainbows - 4.84,Cadillac Rainbows,Pass,30.86,2027-09-01
4182356837789988,Location 6505 US 380 - Carrizozo,Cannabis Packaged,Peach Leches x OG 1g Pre Roll,Peach Leches x OG,Pass,28.26,2027-08-31
4187867145161899,Location 2330 Sudderth - Ruidoso,Cannabis Packaged,True Roots - Pre Roll - Snozzberries - 1.00 gram,Snozzberries,Pass,25.47,2027-09-01
4260611503070810,Location 2330 Sudderth - Ruidoso,Cannabis Packaged,True Roots - Pre Roll - Blueberry Pound Cake - 1.00 gram,Blueberry Pound Cake,Pass,27.43,2027-09-01
4294364604893414,Location 876 NM-48 - Alto,Cannabis Packaged,Peach Leches x OG 1g Pre Roll,Peach Leches x OG,Pass,28.26,2027-08-31
4720258523182999,Location 2330 Sudderth - Ruidoso,Cannabis Packaged,True Roots - Pre Roll - Lemon Cherry Truffles - 1.00 gram,Lemon Cherry Truffles,Pass,26.03,2027-09-01
4869594144605927,Location 2330 Sudderth - Ruidoso,Cannabis Packaged,L.A. Red Runtz 1g Doobie - 1.00 gram,L.A. Red Runtz,Pass,26.1,2027-08-31
5140256871378296,Location 6505 US 380 - Carrizozo,Cannabis Packaged,Maple Flambe 1g Pre Roll,Maple Flambe,Pass,24.8,2027-08-31
5214987086607479,Location 876 NM-48 - Alto,Cannabis Packaged,Maple Flambe 1g Pre Roll,Maple Flambe,Pass,24.8,2027-08-31
5362736134152521,Location 876 NM-48 - Alto,Cannabis Packaged,SJ 3.5g Cake Batter (H),G6,Pass,32.09,2027-08-31
5367688870929868,Location 6505 US 380 - Carrizozo,Cannabis Packaged,SJ 3.5g Cake Batter (H),G6,Pass,32.09,2027-08-31
5392107047698700,Location 876 NM-48 - Alto,Cannabis Packaged,SJ 3.5g Arctic Burst (I),G4,Pass,31.5,2027-08-31
5394479431898264,Location 6505 US 380 - Carrizozo,Cannabis Packaged,SJ 3.5g Arctic Burst (I),G4,Pass,31.5,2027-08-31
5403426156141952,Location 876 NM-48 - Alto,Cannabis Packaged,SJ 3.5g Chocolatte (I),G32,Pass,26.91,2027-08-31
5407085017587612,Location 6505 US 380 - Carrizozo,Cannabis Packaged,SJ 3.5g Chocolatte (I),G32,Pass,26.91,2027-08-31
5414980936780939,Location 876 NM-48 - Alto,Cannabis Packaged,SJ 3.5g Strawberry Daiquiri (H),G3,Pass,29.24,2027-08-31
5421451016035785,Location 6505 US 380 - Carrizozo,Cannabis Packaged,SJ 3.5g Strawberry Daiquiri (H),G3,Pass,29.24,2027-08-31
5442298203103164,Location 876 NM-48 - Alto,Cannabis Packaged,SJ PR Mango Fruz (S) ,G8,Pass,31.67,2027-08-31
5749371339776594,Location 6505 US 380 - Carrizozo,Cannabis Packaged,Blackberry Durban 1g Pre Roll,Blackberry Durban,Pass,24.53,2027-08-31
5783432583934875,Location 876 NM-48 - Alto,Cannabis Packaged,SJ- Tropical Burst (S) 3.5g,G9,Pass,27.56,2027-09-01
5961520688094692,Location 2330 Sudderth - Ruidoso,Cannabis Packaged,P37 - Fat Eighths - 10 G's - 3.99g,10 G's,Pass,26.9,2027-09-01
6184656762979297,Location 2330 Sudderth - Ruidoso,Cannabis Packaged,1g Doobies for Boobies,Gush Mints,Pass,22.9,2027-08-31
6234362144064212,Location 6505 US 380 - Carrizozo,Cannabis Packaged,1g Grand Daddy Pre-roll,Grand Daddy Purple,Pass,22.6,2027-08-31
6389040036093129,Location 2330 Sudderth - Ruidoso,Cannabis Packaged,91# Chocolate 1g Pre Roll,91# Chocolate,Pass,25.14,2027-08-31
6391672491675817,Location 2330 Sudderth - Ruidoso,Cannabis Packaged,Blackberry Durban 1g Pre Roll,Blackberry Durban,Pass,24.53,2027-08-31
6398111854893534,Location 2330 Sudderth - Ruidoso,Cannabis Packaged,Maple Flambe 1g Pre Roll,Maple Flambe,Pass,24.8,2027-08-31
6402512088583871,Location 2330 Sudderth - Ruidoso,Cannabis Packaged,Candyland - Fat Eighths - Cadillac Rainbows,Cadillac Rainbows,Pass,31.23,2027-09-01
6402631466069165,Location 2330 Sudderth - Ruidoso,Cannabis Packaged,Strawberry Apricot 1g Pre Roll,Strawberry Apricot,Pass,24.91,2027-08-31
6412539864479424,Location 2330 Sudderth - Ruidoso,Cannabis Packaged,91# Chocolate Zip 28g,91# Chocolate,Pass,25.14,2027-08-31
6415296106099469,Location 2330 Sudderth - Ruidoso,Cannabis Packaged,Alien Piss Zip 28g,ALIEN PISS,Pass,23.26,2027-08-31
6419156528952057,Location 2330 Sudderth - Ruidoso,Cannabis Packaged,Blackberry Durban Zip 28g,Blackberry Durban,Pass,24.53,2027-08-31
6421555497375454,Location 2330 Sudderth - Ruidoso,Cannabis Packaged,Tallymon Zip 28g,Tallymon,Pass,26.99,2027-08-31
6423703592553232,Location 6505 US 380 - Carrizozo,Cannabis Packaged,91# Chocolate 1g Pre Roll,91# Chocolate,Pass,25.14,2027-08-31
7512202982394552,Location 2330 Sudderth - Ruidoso,Cannabis Packaged,Generals - PreRoll - Platinum Sacks - 1g,Durban Poison,Pass,25.1,2027-09-01
7775761501011715,Location 2330 Sudderth - Ruidoso,Cannabis Packaged,SJ- Mango Fruz (S) 3.5g,Mango Fruz,Pass,30.2,2027-09-01
8480468283762788,Location 6505 US 380 - Carrizozo,Cannabis Packaged,Hippy Trout - Joint - Gelato Frosting (I) - 1g,Gelato Frosting #5,Pass,23.95,2027-09-01
8491013833054952,Location 2330 Sudderth - Ruidoso,Cannabis Packaged,Hippy Trout - Joint - Platinum Dolato (H) - 1g,Platinum Dolato- INDICA,Pass,26.36,2027-09-01
8497933558881211,Location 2330 Sudderth - Ruidoso,Cannabis Packaged,Zips- Chomsky (H),Chomsky,Pass,22.41,2027-09-01
8753142661747826,Location 2330 Sudderth - Ruidoso,Cannabis Packaged,Hippy Trout - Joint - Blueberry Headband - 1g,Blueberry Headband #1,Pass,22.92,2027-09-01
8761644674395192,Location 876 NM-48 - Alto,Cannabis Packaged,1g Grand Daddy Pre-roll,Grand Daddy Purple,Pass,22.6,2027-08-31
8791373223707936,Location 6505 US 380 - Carrizozo,Cannabis Packaged,1g Citrus Thai Pre-roll,Citrus Thai,Pass,22,2027-08-31
8791392884676314,Location 2330 Sudderth - Ruidoso,Cannabis Packaged,SJ 3.5g Strawberry Daiquiri (H),G3,Pass,29.24,2027-08-31
8791412182196555,Location 876 NM-48 - Alto,Cannabis Packaged,1g Citrus Thai Pre-roll,Citrus Thai,Pass,22,2027-08-31
8811746695688539,Location 6505 US 380 - Carrizozo,Cannabis Packaged,1g apricot Scone Pre-roll,Apricot Scone,Pass,22.3,2027-08-31
8811880889329447,Location 876 NM-48 - Alto,Cannabis Packaged,1g apricot Scone Pre-roll,Apricot Scone,Pass,22.3,2027-08-31
8826259686716715,Location 6505 US 380 - Carrizozo,Cannabis Packaged,Hippy Trout - Joint - Apple Fritter - 1g,Apple Fritter #2,Pass,21.8,2027-09-01
9025186456819521,Location 6505 US 380 - Carrizozo,Cannabis Packaged,Tallymon Zip 28g,Tallymon,Pass,26.99,2027-08-31
9045918077731617,Location 876 NM-48 - Alto,Cannabis Packaged,Tallymon Zip 28g,Tallymon,Pass,26.99,2027-08-31
9410794104871609,Location 6505 US 380 - Carrizozo,Cannabis Packaged,1g Aries Zoap,Zoap,Pass,22.3,2027-08-31
9445179691401082,Location 2330 Sudderth - Ruidoso,Cannabis Packaged,True Roots - Pre Roll - Dark Web - 1.00 gram,Dark Web,Pass,27.32,2027-09-01
9455023682471584,Location 6505 US 380 - Carrizozo,Cannabis Packaged,1g Sag Chick n Waffle,Chicken n' Wafflez,Pass,27.51,2027-08-31
9455369151301006,Location 876 NM-48 - Alto,Cannabis Packaged,1g Sag Chick n Waffle,Chicken n' Wafflez,Pass,27.51,2027-08-31
9485039560770062,Location 2330 Sudderth - Ruidoso,Cannabis Packaged,SJ- Pebble Beach (S) 3.5g,Pebble Beach,Pass,28.08,2027-09-01
9617811079101200,Location 2330 Sudderth - Ruidoso,Cannabis Packaged,SJ PR Mango Fruz (S) ,G8,Pass,31.67,2027-08-31
9697530689855125,Location 2330 Sudderth - Ruidoso,Cannabis Packaged,SJ 3.5g Chocolatte (I),G32,Pass,26.91,2027-08-31
9729761962699295,Location 2330 Sudderth - Ruidoso,Cannabis Packaged,SJ 3.5g Arctic Burst (I),G4,Pass,31.5,2027-08-31
9737882870359393,Location 2330 Sudderth - Ruidoso,Cannabis Packaged,SJ 3.5g Cake Batter (H),G6,Pass,32.09,2027-08-31
9815117767548614,Location 6505 US 380 - Carrizozo,Cannabis Packaged,Alien Piss Zip 28g,ALIEN PISS,Pass,23.26,2027-08-31
9837560792866019,Location 876 NM-48 - Alto,Cannabis Packaged,Alien Piss Zip 28g,ALIEN PISS,Pass,23.26,2027-08-31
9895129480871281,Location 6505 US 380 - Carrizozo,Cannabis Packaged,91# Chocolate Zip 28g,91# Chocolate,Pass,25.14,2027-08-31
9916213951328753,Location 876 NM-48 - Alto,Cannabis Packaged,91# Chocolate Zip 28g,91# Chocolate,Pass,25.14,2027-08-31
2081425744186188,Location 876 NM-48 - Alto,Concentrate (Non-Volatile Solvent) Packaged,Freshies - Live Rosin - Dab - Blue Lobster (I),Blue Lobster,Pass,82.17,2028-08-04
2089354511464513,Location 876 NM-48 - Alto,Concentrate (Non-Volatile Solvent) Packaged,Freshies - Live Rosin - Dab - Key Lime Julious (S),Key Lime Julious,Pass,78.23,2028-08-13
2930716234078311,Location 2330 Sudderth - Ruidoso,Concentrate (Non-Volatile Solvent) Packaged,Freshies - Live Rosin - Dab - Key Lime Julious (S),Key Lime Julious,Pass,78.23,2028-08-13
4511584327278397,Location 2330 Sudderth - Ruidoso,Concentrate (Non-Volatile Solvent) Packaged,Dirty Runtz 1g Rosin,Dirty Runtz,Pass,70.6,2027-08-31
4584423073640168,Location 2330 Sudderth - Ruidoso,Concentrate (Non-Volatile Solvent) Packaged,Grape Z 1g Rosin,Grape Junky,Pass,72.9,2027-08-31
4701122412946852,Location 2330 Sudderth - Ruidoso,Concentrate (Non-Volatile Solvent) Packaged,Tropicana 1g Rosin,Pave,Pass,70.7,2027-08-31
6698449882863408,Location 2330 Sudderth - Ruidoso,Concentrate (Non-Volatile Solvent) Packaged,Freshies - Live Rosin - Dab - Blue Lobster (I),Blue Lobster,Pass,82.17,2028-08-04
0116340651754214,Location 876 NM-48 - Alto,Concentrate (Volatile Solvent) Packaged,Strawberry Cough 1g Disposable,Mixed,Pass,90.92,2027-08-31
6378134449124821,Location 2330 Sudderth - Ruidoso,Concentrate (Volatile Solvent) Packaged,Strawberry Cough 1g Disposable,Mixed,Pass,90.92,2027-08-31
6382773918869355,Location 2330 Sudderth - Ruidoso,Concentrate (Volatile Solvent) Packaged,NYC Diesel 1g Disposable,Mixed,Pass,90.92,2027-08-31
6586664589872113,Location 2330 Sudderth - Ruidoso,Concentrate (Volatile Solvent) Packaged,Maui Wowie 1g Disposable,Mixed,Pass,90.92,2027-08-31
6586685268109584,Location 2330 Sudderth - Ruidoso,Concentrate (Volatile Solvent) Packaged,Blue Dream 1g Disposable,Mixed,Pass,90.92,2027-08-31
8378529939703098,Location 6505 US 380 - Carrizozo,Concentrate (Volatile Solvent) Packaged,Blue Dream 1g Disposable,Mixed,Pass,90.92,2027-08-31
8392109463660302,Location 876 NM-48 - Alto,Concentrate (Volatile Solvent) Packaged,Blue Dream 1g Disposable,Mixed,Pass,90.92,2027-08-31
8474252819570517,Location 6505 US 380 - Carrizozo,Concentrate (Volatile Solvent) Packaged,Maui Wowie 1g Disposable,Mixed,Pass,90.92,2027-08-31
8518512180908317,Location 6505 US 380 - Carrizozo,Concentrate (Volatile Solvent) Packaged,NYC Diesel 1g Disposable,Mixed,Pass,90.92,2027-08-31
8692036418155919,Location 876 NM-48 - Alto,Concentrate (Volatile Solvent) Packaged,NYC Diesel 1g Disposable,Mixed,Pass,90.92,2027-08-31
9398281027343614,Location 6505 US 380 - Carrizozo,Concentrate (Volatile Solvent) Packaged,Strawberry Cough 1g Disposable,Mixed,Pass,90.92,2027-08-31
0151300957582950,Location 2330 Sudderth - Ruidoso,Concentrate (Volatile Solvent) Vaporizer Packaged,Hippy Trout - Fish Whistle - Super Boof - 2g,Mixed,Pass,93.13,2027-09-01
0266219981106827,Location 2330 Sudderth - Ruidoso,Concentrate (Volatile Solvent) Vaporizer Packaged,Urb - 2.7g Aerovape Jumbo - Sour Blueberry,Mixed,Pass,90.98,2027-09-01
0511431158345162,Location 2330 Sudderth - Ruidoso,Concentrate (Volatile Solvent) Vaporizer Packaged,Cartology - Cart - Berry Berry (H) - 1g,Mixed,Pass,82.03,2027-09-01
0518018019566608,Location 2330 Sudderth - Ruidoso,Concentrate (Volatile Solvent) Vaporizer Packaged,Urb - 2.7g Aerovape Jumbo - Strawberry Shortcake,Mixed,Pass,90.98,2027-09-01
0521529133277935,Location 6505 US 380 - Carrizozo,Concentrate (Volatile Solvent) Vaporizer Packaged,BCF - 1g. Disposable - Fruity Cereal,Granny Kandy,Pass,94.6,2027-08-31
0524131625695520,Location 2330 Sudderth - Ruidoso,Concentrate (Volatile Solvent) Vaporizer Packaged,DROOL HEADBAND 2G AIO,HEADBAND,Pass,91.81,2027-09-01
0553991604549677,Location 6505 US 380 - Carrizozo,Concentrate (Volatile Solvent) Vaporizer Packaged,Terp-A-Saurus Rex Watermelon Bubblegum - 1.00 gram,Mixed,Pass,90.8,2027-09-01
0598849433734526,Location 2330 Sudderth - Ruidoso,Concentrate (Volatile Solvent) Vaporizer Packaged,Elevated - Live Resin - Dab - Lemon Cherry Gelato (H),Lemon Cherry Gelato,Pass,84.88,2027-09-01
0669773124267226,Location 6505 US 380 - Carrizozo,Concentrate (Volatile Solvent) Vaporizer Packaged,Terp-A-Saurus Rex Sour Apple - 1.00 gram,Granny Kandy,Pass,94.6,2027-09-01
0728284561054976,Location 6505 US 380 - Carrizozo,Concentrate (Volatile Solvent) Vaporizer Packaged,DROOL STRAWBERRY COUGH 2G AIO,,Pass,91.81,2027-06-22
0735561383745880,Location 6505 US 380 - Carrizozo,Concentrate (Volatile Solvent) Vaporizer Packaged,Terp-A-Saurus Rex Peach Ringz - 1.00 gram,Watermelon Zittlez,Pass,81.5,2027-09-01
0754317535968050,Location 876 NM-48 - Alto,Concentrate (Volatile Solvent) Vaporizer Packaged,Terp-A-Saurus Rex Icy Mint - 1.00 gram,Granny Kandy,Pass,94.6,2027-09-01
0769058032299659,Location 6505 US 380 - Carrizozo,Concentrate (Volatile Solvent) Vaporizer Packaged,Terp-A-Saurus Rex Icy Mint - 1.00 gram,Granny Kandy,Pass,94.6,2027-09-01
0808916361541807,Location 2330 Sudderth - Ruidoso,Concentrate (Volatile Solvent) Vaporizer Packaged,42 Days - Wax - Tangy Dream - 1g,Mixed,Pass,77.65,2027-09-01
0872880654270478,Location 6505 US 380 - Carrizozo,Concentrate (Volatile Solvent) Vaporizer Packaged,DIME - AIO - Watermelon Kush (H) - 2g,Mixed,Pass,92.32,2027-09-01
1012720372882224,Location 6505 US 380 - Carrizozo,Concentrate (Volatile Solvent) Vaporizer Packaged,DROOL LEMON CHERRY GELATO  2G AIO,,Pass,91.81,2027-07-02
1017943719950823,Location 876 NM-48 - Alto,Concentrate (Volatile Solvent) Vaporizer Packaged,DROOL LEMON CHERRY GELATO  2G AIO,,Pass,91.81,2027-07-02
1021947168634678,Location 876 NM-48 - Alto,Concentrate (Volatile Solvent) Vaporizer Packaged,True Roots - BHO - 1g - Mango Gas - 1.00 gram,Mixed,Pass,73.71,2027-09-01
1022604021926923,Location 6505 US 380 - Carrizozo,Concentrate (Volatile Solvent) Vaporizer Packaged,True Roots - BHO - 1g - Mango Gas - 1.00 gram,Mixed,Pass,73.71,2027-09-01
1041482989755602,Location 6505 US 380 - Carrizozo,Concentrate (Volatile Solvent) Vaporizer Packaged,DROOL KING LOUIS XIII 2G AIO,KING LOUIS XIII,Pass,92.4,2027-07-24
1067657697258396,Location 2330 Sudderth - Ruidoso,Concentrate (Volatile Solvent) Vaporizer Packaged,Dime - AIO - LR - Grape Limeade - 1g,Mixed,Pass,83.3,2027-09-01
1077564483917960,Location 6505 US 380 - Carrizozo,Concentrate (Volatile Solvent) Vaporizer Packaged,DROOL GOD'S GIFT 2G AIO,GOD'S GIFT,Pass,92.4,2027-07-24
1125724551242211,Location 6505 US 380 - Carrizozo,Concentrate (Volatile Solvent) Vaporizer Packaged,DROOL 9LB HAMMER 2G AIO,Mixed,Pass,92.4,2027-08-05
1396196006342346,Location 2330 Sudderth - Ruidoso,Concentrate (Volatile Solvent) Vaporizer Packaged,Olio - Berry Cookies 90u Premium Live Hash Rosin - 1g,Mixed,Pass,70.4,2027-09-01
1734947974536316,Location 2330 Sudderth - Ruidoso,Concentrate (Volatile Solvent) Vaporizer Packaged,SL - Tropical Kiwi (H) 2g AIO,Mixed,Pass,92.35,2027-09-01
1770328344172458,Location 6505 US 380 - Carrizozo,Concentrate (Volatile Solvent) Vaporizer Packaged,Cuatro - 2g. - Super Lemon Haze,Mixed,Pass,91.51,2027-08-31
1777806703987535,Location 876 NM-48 - Alto,Concentrate (Volatile Solvent) Vaporizer Packaged,Cuatro - 2g. - Super Lemon Haze,Mixed,Pass,91.51,2027-08-31
1806927896234279,Location 876 NM-48 - Alto,Concentrate (Volatile Solvent) Vaporizer Packaged,Cuatro - 2g. - Shirley Temple ,Mixed,Pass,91.51,2027-08-31
1810806761192032,Location 6505 US 380 - Carrizozo,Concentrate (Volatile Solvent) Vaporizer Packaged,Cuatro - 2g. - Shirley Temple ,Mixed,Pass,91.51,2027-08-31
1833593067454733,Location 6505 US 380 - Carrizozo,Concentrate (Volatile Solvent) Vaporizer Packaged,Cuatro - 2g. - Pineapple Express,Mixed,Pass,91.51,2027-08-31
1853901506213227,Location 876 NM-48 - Alto,Concentrate (Volatile Solvent) Vaporizer Packaged,Cuatro - 2g. - Pineapple Express,Mixed,Pass,91.51,2027-08-31
1884399908360980,Location 2330 Sudderth - Ruidoso,Concentrate (Volatile Solvent) Vaporizer Packaged,Da Snow Live Rosin - 1.00 gram,Da Snow,Pass,80.3,2027-09-01
1897829572927004,Location 2330 Sudderth - Ruidoso,Concentrate (Volatile Solvent) Vaporizer Packaged,Future #1 Live Rosin - 1.00 gram,Future #1,Pass,80.1,2027-09-01
1900642490062089,Location 6505 US 380 - Carrizozo,Concentrate (Volatile Solvent) Vaporizer Packaged,Cuatro - 2g. - Key Lime,Mixed,Pass,91.51,2027-08-31
1908943767676616,Location 876 NM-48 - Alto,Concentrate (Volatile Solvent) Vaporizer Packaged,Cuatro - 2g. - Key Lime,Mixed,Pass,91.51,2027-08-31
1910592065113196,Location 2330 Sudderth - Ruidoso,Concentrate (Volatile Solvent) Vaporizer Packaged,Bubble Bath Live Rosin  - 1.00 gram,Bubble Bath,Pass,77.3,2027-09-01
1923848453904683,Location 2330 Sudderth - Ruidoso,Concentrate (Volatile Solvent) Vaporizer Packaged,Terp-A-Saurus Rex Icy Mint - 1.00 gram,Granny Kandy,Pass,94.6,2027-09-01
1928814031032534,Location 2330 Sudderth - Ruidoso,Concentrate (Volatile Solvent) Vaporizer Packaged,Terp-A-Saurus Rex Peach Ringz - 1.00 gram,Watermelon Zittlez,Pass,81.5,2027-09-01
1935214875696341,Location 2330 Sudderth - Ruidoso,Concentrate (Volatile Solvent) Vaporizer Packaged,Terp-A-Saurus Rex Sour Apple - 1.00 gram,Granny Kandy,Pass,94.6,2027-09-01
1935697306547506,Location 6505 US 380 - Carrizozo,Concentrate (Volatile Solvent) Vaporizer Packaged,Cuatro - 2g. - Fizzy Cherry Cola,Mixed,Pass,91.51,2027-08-31
1939852176557251,Location 2330 Sudderth - Ruidoso,Concentrate (Volatile Solvent) Vaporizer Packaged,Terp-A-Saurus Rex Watermelon Bubblegum - 1.00 gram,Mixed,Pass,90.8,2027-09-01
1942723371789311,Location 876 NM-48 - Alto,Concentrate (Volatile Solvent) Vaporizer Packaged,Cuatro - 2g. - Fizzy Cherry Cola,Mixed,Pass,91.51,2027-08-31
1964357995493950,Location 6505 US 380 - Carrizozo,Concentrate (Volatile Solvent) Vaporizer Packaged,Cuatro - 2g. - Black Berry Kush ,Mixed,Pass,91.51,2027-08-31
1982498482236821,Location 6505 US 380 - Carrizozo,Concentrate (Volatile Solvent) Vaporizer Packaged,Cuatro - 2g. - Berry Gelato ,Mixed,Pass,91.51,2027-08-31
1985488917667847,Location 6505 US 380 - Carrizozo,Concentrate (Volatile Solvent) Vaporizer Packaged,42 Days - Wax - Hot Air Balloon - 1g,Mixed,Pass,80.64,2027-09-01
1987894287356729,Location 876 NM-48 - Alto,Concentrate (Volatile Solvent) Vaporizer Packaged,42 Days - Wax - Hot Air Balloon - 1g,Mixed,Pass,80.64,2027-09-01
2053388076436572,Location 2330 Sudderth - Ruidoso,Concentrate (Volatile Solvent) Vaporizer Packaged,42 Days - Wax - Hot Air Balloon - 1g,Mixed,Pass,80.64,2027-09-01
2055450805616827,Location 2330 Sudderth - Ruidoso,Concentrate (Volatile Solvent) Vaporizer Packaged,42 Days - Wax - Hot Air Balloon - 1g,Mixed,Pass,80.64,2027-09-01
2056952562703481,Location 2330 Sudderth - Ruidoso,Concentrate (Volatile Solvent) Vaporizer Packaged,42 Days - Wax - GG#4 - 1g,Mixed,Pass,73.49,2027-09-01
2074401397768320,Location 876 NM-48 - Alto,Concentrate (Volatile Solvent) Vaporizer Packaged,Cartology - Cart - Apple Jelly (H) - 1g,Mixed,Pass,82.03,2027-09-01
2074836033889992,Location 2330 Sudderth - Ruidoso,Concentrate (Volatile Solvent) Vaporizer Packaged,SL - Watermelon Kush (H) 2g AIO,Mixed,Pass,92.71,2027-09-01
2077699007551989,Location 2330 Sudderth - Ruidoso,Concentrate (Volatile Solvent) Vaporizer Packaged,Atlas - Cart - Distillate - Apricot Diesel - 1g,Mixed,Pass,89.94,2027-09-01
2083593021072796,Location 2330 Sudderth - Ruidoso,Concentrate (Volatile Solvent) Vaporizer Packaged,Cartology - Cart - Strawberry Jelly (H) - 1g,Mixed,Pass,82.03,2027-09-01
2213685095150688,Location 6505 US 380 - Carrizozo,Concentrate (Volatile Solvent) Vaporizer Packaged,True Roots - BHO - 1g - Galactic Glue - 1.00 gram,Galactic Glue,Pass,82.17,2027-09-01
2213958836076250,Location 876 NM-48 - Alto,Concentrate (Volatile Solvent) Vaporizer Packaged,True Roots - BHO - 1g - Galactic Glue - 1.00 gram,Galactic Glue,Pass,82.17,2027-09-01
2383648328644326,Location 6505 US 380 - Carrizozo,Concentrate (Volatile Solvent) Vaporizer Packaged,PhD Wax - 1G Jar - Forbidden Lemon (S),Forbidden Lemon,Pass,79.98,2027-09-01
2384113022249909,Location 876 NM-48 - Alto,Concentrate (Volatile Solvent) Vaporizer Packaged,PhD Wax - 1G Jar - Forbidden Lemon (S),Forbidden Lemon,Pass,79.98,2027-09-01
2405002333064896,Location 2330 Sudderth - Ruidoso,Concentrate (Volatile Solvent) Vaporizer Packaged,True Roots - BHO - 1g - Limonade - 1.00 gram,Limonade,Pass,58.64,2027-09-01
2415225586445574,Location 2330 Sudderth - Ruidoso,Concentrate (Volatile Solvent) Vaporizer Packaged,Baked Chicken Farm - Cart - Watermelon Bubblegum - 1g,Granny Kandy,Pass,94.6,2027-09-01
2422206525026447,Location 6505 US 380 - Carrizozo,Concentrate (Volatile Solvent) Vaporizer Packaged,True Roots - BHO - 1g - Dantes Inferno - 1.00 gram,Mixed,Pass,73.64,2027-09-01
2423850735212951,Location 876 NM-48 - Alto,Concentrate (Volatile Solvent) Vaporizer Packaged,True Roots - BHO - 1g - Dantes Inferno - 1.00 gram,Mixed,Pass,73.64,2027-09-01
2594773128783338,Location 6505 US 380 - Carrizozo,Concentrate (Volatile Solvent) Vaporizer Packaged,True Roots - BHO - 1g - Miami Mango - 1.00 gram,Miami Mango,Pass,83.51,2027-09-01
2595724025082339,Location 876 NM-48 - Alto,Concentrate (Volatile Solvent) Vaporizer Packaged,True Roots - BHO - 1g - Miami Mango - 1.00 gram,Miami Mango,Pass,83.51,2027-09-01
2714862532173440,Location 6505 US 380 - Carrizozo,Concentrate (Volatile Solvent) Vaporizer Packaged,42 Days - Live Resin - Unfilitered RawDogs - 1g,Mixed,Pass,73.49,2027-09-01
2715125372163999,Location 876 NM-48 - Alto,Concentrate (Volatile Solvent) Vaporizer Packaged,42 Days - Live Resin - Unfilitered RawDogs - 1g,Mixed,Pass,73.49,2027-09-01
2750889332118342,Location 2330 Sudderth - Ruidoso,Concentrate (Volatile Solvent) Vaporizer Packaged,42 Days - Wax - Jack Herrer - 1g,Mixed,Pass,77.65,2027-09-01
2757456397310092,Location 2330 Sudderth - Ruidoso,Concentrate (Volatile Solvent) Vaporizer Packaged,Baked Chicken Farm - Cart - Fruity Cereal - 1g,Granny Kandy,Pass,94.6,2027-09-01
2830382619481077,Location 6505 US 380 - Carrizozo,Concentrate (Volatile Solvent) Vaporizer Packaged,42 Days - Wax - Tangy Dream - 1g,Mixed,Pass,77.65,2027-09-01
2830906760139939,Location 876 NM-48 - Alto,Concentrate (Volatile Solvent) Vaporizer Packaged,42 Days - Wax - Tangy Dream - 1g,Mixed,Pass,77.65,2027-09-01
2836049993683952,Location 2330 Sudderth - Ruidoso,Concentrate (Volatile Solvent) Vaporizer Packaged,MVE - AIO - Bomb Pop - 2g,Mixed,Pass,90.47,2027-09-01
2877691932287904,Location 2330 Sudderth - Ruidoso,Concentrate (Volatile Solvent) Vaporizer Packaged,GHOST - Lemon Gas - Sativa - Live Resin Pod 1g,Lemon Gas,Pass,92.3,2027-09-01
2883553794162049,Location 6505 US 380 - Carrizozo,Concentrate (Volatile Solvent) Vaporizer Packaged,42 Days - Wax - Jack Herrer - 1g,Mixed,Pass,77.65,2027-09-01
2885504746920512,Location 876 NM-48 - Alto,Concentrate (Volatile Solvent) Vaporizer Packaged,42 Days - Wax - Jack Herrer - 1g,Mixed,Pass,77.65,2027-09-01
2917391001062989,Location 2330 Sudderth - Ruidoso,Concentrate (Volatile Solvent) Vaporizer Packaged,RAWsin 1g Live Hash Rosin AIO - Cap Junky (H),Cap Junky,Pass,78.4,2027-08-31
3116547004908060,Location 6505 US 380 - Carrizozo,Concentrate (Volatile Solvent) Vaporizer Packaged,2g Turnt Up Silver Kush x Permanent Marker,Mixed,Pass,88.27,2027-08-31
3121483540206459,Location 6505 US 380 - Carrizozo,Concentrate (Volatile Solvent) Vaporizer Packaged,2g Turnt Up Orange Crsuh x Sweet cream,Mixed,Pass,88.27,2027-08-31
3122262103463249,Location 876 NM-48 - Alto,Concentrate (Volatile Solvent) Vaporizer Packaged,2g Turnt Up Orange Crsuh x Sweet cream,Mixed,Pass,88.27,2027-08-31
3122842596174273,Location 6505 US 380 - Carrizozo,Concentrate (Volatile Solvent) Vaporizer Packaged,2g Turnt Up Ghost Train x Jack Diesel,Mixed,Pass,88.01,2027-08-31
3160672085300574,Location 876 NM-48 - Alto,Concentrate (Volatile Solvent) Vaporizer Packaged,42 Days - Wax - Hot Air Balloon - 1g,Mixed,Pass,80.64,2027-09-01
3503171493882646,Location 876 NM-48 - Alto,Concentrate (Volatile Solvent) Vaporizer Packaged,PHD - Distillate Syringe - 1G,Mixed,Pass,91.66,2027-09-01
3582841446495245,Location 6505 US 380 - Carrizozo,Concentrate (Volatile Solvent) Vaporizer Packaged,BL - Lemon Pound Cake (H) 2G AIO,Mixed,Pass,50.64,2027-09-01
3720637205098147,Location 6505 US 380 - Carrizozo,Concentrate (Volatile Solvent) Vaporizer Packaged,SL - Lime Sherbanger (I) 2g AIO,Mixed,Pass,92.51,2027-09-01
3784903604611243,Location 6505 US 380 - Carrizozo,Concentrate (Volatile Solvent) Vaporizer Packaged,DIME - AIO - Pink Lemon Haze (H) 2g,Mixed,Pass,91.68,2027-09-01
3798408684437030,Location 2330 Sudderth - Ruidoso,Concentrate (Volatile Solvent) Vaporizer Packaged,RAWsin 1g Live Hash Rosin AIO - Black Garlic (I),Black Garlic,Pass,81.68,2027-08-31
3902622671683968,Location 2330 Sudderth - Ruidoso,Concentrate (Volatile Solvent) Vaporizer Packaged,Baked Chicken Farm - Cart - Peach Ringz - 1g,Granny Kandy,Pass,94.6,2027-09-01
3934252990034831,Location 2330 Sudderth - Ruidoso,Concentrate (Volatile Solvent) Vaporizer Packaged,Cuatro - 2g. - Berry Gelato ,Mixed,Pass,91.51,2027-08-31
3972412027709778,Location 2330 Sudderth - Ruidoso,Concentrate (Volatile Solvent) Vaporizer Packaged,Cuatro - 2g. - Black Berry Kush ,Mixed,Pass,91.51,2027-08-31
4002508219435873,Location 2330 Sudderth - Ruidoso,Concentrate (Volatile Solvent) Vaporizer Packaged,Cuatro - 2g. - Fizzy Cherry Cola,Mixed,Pass,91.51,2027-08-31
4004344566895786,Location 6505 US 380 - Carrizozo,Concentrate (Volatile Solvent) Vaporizer Packaged,Cartology - Cart - Strawberry Jelly (H) - 1g,Mixed,Pass,82.03,2027-09-01
4011373949092603,Location 6505 US 380 - Carrizozo,Concentrate (Volatile Solvent) Vaporizer Packaged,Cartology - Cart - Carribean Vibes (S) - 1g,Mixed,Pass,82.03,2027-09-01
4026772233504192,Location 876 NM-48 - Alto,Concentrate (Volatile Solvent) Vaporizer Packaged,SL - Guavalicious (S) 2g AIO,Mixed,Pass,91.68,2027-09-01
4049197940615824,Location 2330 Sudderth - Ruidoso,Concentrate (Volatile Solvent) Vaporizer Packaged,DROOL RSO RECOVERY 1G SYRINGE,MIXED STRAINS,Pass,86.29,2027-09-01
4064843905146171,Location 2330 Sudderth - Ruidoso,Concentrate (Volatile Solvent) Vaporizer Packaged,Olio - Inferno Cake 90u Premium Live Hash Rosin - 1g,Mixed,Pass,71.7,2027-09-01
4080270460578817,Location 2330 Sudderth - Ruidoso,Concentrate (Volatile Solvent) Vaporizer Packaged,DROOL RSO RELIEF 1G SYRINGE,MIXED STRAINS,Pass,86.29,2027-09-01
4083521529019490,Location 2330 Sudderth - Ruidoso,Concentrate (Volatile Solvent) Vaporizer Packaged,Cuatro - 2g. - Pineapple Express,Mixed,Pass,91.51,2027-08-31
4116256193536934,Location 2330 Sudderth - Ruidoso,Concentrate (Volatile Solvent) Vaporizer Packaged,Cuatro - 2g. - Shirley Temple ,Mixed,Pass,91.51,2027-08-31
4204757096675338,Location 6505 US 380 - Carrizozo,Concentrate (Volatile Solvent) Vaporizer Packaged,Cartology - Cart - Mystery? (H) - 1g,Mixed,Pass,82.03,2027-09-01
4234619371439463,Location 6505 US 380 - Carrizozo,Concentrate (Volatile Solvent) Vaporizer Packaged,Cartology - Cart - Atomic Pop (I) - 1g,Mixed,Pass,82.03,2027-09-01
4557889392848114,Location 2330 Sudderth - Ruidoso,Concentrate (Volatile Solvent) Vaporizer Packaged,Cartology - Cart - Apple Jelly (H) - 1g,Mixed,Pass,82.03,2027-09-01
4691162284288457,Location 6505 US 380 - Carrizozo,Concentrate (Volatile Solvent) Vaporizer Packaged,Tyson2.0 - 1g - Cartridge - Pound Cake (I),Mixed,Pass,9.29,2027-09-01
4718018708056128,Location 2330 Sudderth - Ruidoso,Concentrate (Volatile Solvent) Vaporizer Packaged,Atlas - Cart - Distillate - Cherry Limeade - 1g,Mixed,Pass,89.94,2027-09-01
4764213327656501,Location 2330 Sudderth - Ruidoso,Concentrate (Volatile Solvent) Vaporizer Packaged,DROOL BISCOTTI 2G AIO,BISCOTTI,Pass,91.81,2027-09-01
4851185308809684,Location 6505 US 380 - Carrizozo,Concentrate (Volatile Solvent) Vaporizer Packaged,Cartology - Cart - Apple Jelly (H) - 1g,Mixed,Pass,82.03,2027-09-01
4912070482403354,Location 2330 Sudderth - Ruidoso,Concentrate (Volatile Solvent) Vaporizer Packaged,42 Days - Live Resin - Unfilitered RawDogs - 1g,Mixed,Pass,73.49,2027-09-01
4975404613336090,Location 6505 US 380 - Carrizozo,Concentrate (Volatile Solvent) Vaporizer Packaged,DIME - AIO - Red Plum (I) - 2g,Mixed,Pass,91.68,2027-09-01
5053807478206286,Location 6505 US 380 - Carrizozo,Concentrate (Volatile Solvent) Vaporizer Packaged,Cartology - Cart - Apples and Nay Nay (I) - 1g,Mixed,Pass,82.03,2027-09-01
5443537960220145,Location 2330 Sudderth - Ruidoso,Concentrate (Volatile Solvent) Vaporizer Packaged,Cartology - AIO - Dabbalicious (I) - 1g,Mixed,Pass,82.03,2027-09-01
5573739306906950,Location 2330 Sudderth - Ruidoso,Concentrate (Volatile Solvent) Vaporizer Packaged,Olio - Amber Berry 90u Live Hash Rosin - 1g,Strawberry Candy,Pass,75.6,2027-09-01
5616888123321745,Location 2330 Sudderth - Ruidoso,Concentrate (Volatile Solvent) Vaporizer Packaged,Hippy Trout - Fish Whistle - Blue Razz - 1g,Mixed,Pass,90.28,2027-09-01
5662688486403314,Location 2330 Sudderth - Ruidoso,Concentrate (Volatile Solvent) Vaporizer Packaged,DROOL PINEAPPLE EXPRESS CURED RESIN 3.5G BALLER JAR,Pineapple Express,Pass,84.36,2027-09-01
5825083115834631,Location 2330 Sudderth - Ruidoso,Concentrate (Volatile Solvent) Vaporizer Packaged,42 Days - Wax - Krystal Death - 14g,Mixed,Pass,77.15,2027-09-01
5867985902785925,Location 2330 Sudderth - Ruidoso,Concentrate (Volatile Solvent) Vaporizer Packaged,DROOL CADILLAC RAINBOW CURED RESIN 3.5G BALLER JAR,Cadillac Rainbow (H),Pass,83.48,2027-09-01
5907905448295939,Location 6505 US 380 - Carrizozo,Concentrate (Volatile Solvent) Vaporizer Packaged,SL - Guavalicious (S) 2g AIO,Mixed,Pass,92.71,2027-08-13
5932840899611220,Location 876 NM-48 - Alto,Concentrate (Volatile Solvent) Vaporizer Packaged,SL - Guavalicious (S) 2g AIO,Mixed,Pass,92.35,2027-08-10
5962573842553263,Location 2330 Sudderth - Ruidoso,Concentrate (Volatile Solvent) Vaporizer Packaged,GHOST - Rainbow Belts - Hybrid - Live Resin Pod 1g,Rainbow Belts,Pass,88.67,2027-09-01
5980491738112889,Location 2330 Sudderth - Ruidoso,Concentrate (Volatile Solvent) Vaporizer Packaged,PhD Wax - 1G Jar - Forbidden Lemon (S),Forbidden Lemon,Pass,79.98,2027-09-01
6182111028755851,Location 2330 Sudderth - Ruidoso,Concentrate (Volatile Solvent) Vaporizer Packaged,Atlas 1G Live Resin 5/10 Thread- Lemon Disco,Mixed,Pass,68.85,2027-09-01
6287039371246980,Location 2330 Sudderth - Ruidoso,Concentrate (Volatile Solvent) Vaporizer Packaged,42 Days - Wax - Krystal Death - 14g,Mixed,Pass,77.15,2027-09-01
6289160910976367,Location 2330 Sudderth - Ruidoso,Concentrate (Volatile Solvent) Vaporizer Packaged,Cartology - Cart - Apples and Nay Nay (I) - 1g,Mixed,Pass,82.03,2027-09-01
6320681604926172,Location 2330 Sudderth - Ruidoso,Concentrate (Volatile Solvent) Vaporizer Packaged,42 Days - Vape - Blue Cheese - 2g,Mixed,Pass,77.65,2027-09-01
6344212626900311,Location 876 NM-48 - Alto,Concentrate (Volatile Solvent) Vaporizer Packaged,SL - Blueberry Lemon Haze (S) 2g AIO,Mixed,Pass,91.26,2027-08-21
6501326590214435,Location 6505 US 380 - Carrizozo,Concentrate (Volatile Solvent) Vaporizer Packaged,DIME - AIO - Strawberry Cough (S) - 2g,Mixed,Pass,91.68,2027-09-01
6538018498274262,Location 2330 Sudderth - Ruidoso,Concentrate (Volatile Solvent) Vaporizer Packaged,SL - Blueberry Lemon Haze (S) 2g AIO,Mixed,Pass,92.32,2027-09-01
6556372136200947,Location 876 NM-48 - Alto,Concentrate (Volatile Solvent) Vaporizer Packaged,SL - Lime Sherbanger (I) 2g AIO,Mixed,Pass,92.32,2027-08-03
6570065608515053,Location 6505 US 380 - Carrizozo,Concentrate (Volatile Solvent) Vaporizer Packaged,SL - Lime Sherbanger (I) 2g AIO,Mixed,Pass,92.32,2027-08-03
6678492543844231,Location 876 NM-48 - Alto,Concentrate (Volatile Solvent) Vaporizer Packaged,SL - Mango Diesel - 2G AIO,Mixed,Pass,91.72,2027-08-17
6702923506824118,Location 2330 Sudderth - Ruidoso,Concentrate (Volatile Solvent) Vaporizer Packaged,True Roots - BHO - 1g - Miami Mango - 1.00 gram,Miami Mango,Pass,83.51,2027-09-01
6725247926255668,Location 2330 Sudderth - Ruidoso,Concentrate (Volatile Solvent) Vaporizer Packaged,DROOL 9LB HAMMER 2G AIO,Mixed,Pass,92.4,2027-08-05
6740000466568086,Location 2330 Sudderth - Ruidoso,Concentrate (Volatile Solvent) Vaporizer Packaged,DROOL GOD'S GIFT 2G AIO,GOD'S GIFT,Pass,92.4,2027-07-24
6760640029802293,Location 6505 US 380 - Carrizozo,Concentrate (Volatile Solvent) Vaporizer Packaged,SL - Mango Diesel - 2G AIO,Mixed,Pass,91.72,2027-08-17
6776796551180660,Location 2330 Sudderth - Ruidoso,Concentrate (Volatile Solvent) Vaporizer Packaged,DROOL KING LOUIS XIII 2G AIO,KING LOUIS XIII,Pass,92.4,2027-07-24
6813177229541759,Location 2330 Sudderth - Ruidoso,Concentrate (Volatile Solvent) Vaporizer Packaged,DROOL LEMON CHERRY GELATO  2G AIO,,Pass,91.81,2027-07-02
6906035676096937,Location 2330 Sudderth - Ruidoso,Concentrate (Volatile Solvent) Vaporizer Packaged,Cartology - Cart - Watermelon Jam (I) - 1g,Mixed,Pass,82.03,2027-09-01
6908447032617477,Location 876 NM-48 - Alto,Concentrate (Volatile Solvent) Vaporizer Packaged,SL - Pink Lemon Haze (H) 2g AIO,Mixed,Pass,92.71,2027-08-13
6925592740710967,Location 6505 US 380 - Carrizozo,Concentrate (Volatile Solvent) Vaporizer Packaged,SL - Pink Lemon Haze (H) 2g AIO,Mixed,Pass,92.71,2027-08-13
6926525513128088,Location 6505 US 380 - Carrizozo,Concentrate (Volatile Solvent) Vaporizer Packaged,DIME - AIO - Mango Diesel - 2g,Mixed,Pass,91.68,2027-09-01
7037084117003542,Location 2330 Sudderth - Ruidoso,Concentrate (Volatile Solvent) Vaporizer Packaged,P37 - Tier 1 Cold Cure Rosin - Kiwi Sours - 1g,Kiwi Sours,Pass,69.1,2027-09-01
7056411168278749,Location 2330 Sudderth - Ruidoso,Concentrate (Volatile Solvent) Vaporizer Packaged,2g Turnt Up Pink Rozay x Cotton Candy,Mixed,Pass,75.09,2027-08-31
7083530920493788,Location 6505 US 380 - Carrizozo,Concentrate (Volatile Solvent) Vaporizer Packaged,SL - Lime Sherbanger (I) 2g AIO,Mixed,Pass,92.49,2027-09-01
7090657958840121,Location 2330 Sudderth - Ruidoso,Concentrate (Volatile Solvent) Vaporizer Packaged,42 Days - Wax - Superboof - 14g,Mixed,Pass,78.82,2027-09-01
7093889545905979,Location 876 NM-48 - Alto,Concentrate (Volatile Solvent) Vaporizer Packaged,SL - Red Plum (I) 2g AIO,Mixed,Pass,91.72,2027-08-14
7125838992856410,Location 6505 US 380 - Carrizozo,Concentrate (Volatile Solvent) Vaporizer Packaged,SL - Red Plum (I) 2g AIO,Mixed,Pass,91.72,2027-08-14
7190282071132789,Location 2330 Sudderth - Ruidoso,Concentrate (Volatile Solvent) Vaporizer Packaged,Olio - MVP#5 Live Resin Dry Sugar - 1g,MVP #5,Pass,79.54,2027-09-01
7209971769141705,Location 2330 Sudderth - Ruidoso,Concentrate (Volatile Solvent) Vaporizer Packaged,Cartology - Cart - Mystery? (H) - 1g,Mixed,Pass,82.03,2027-09-01
7253838304751604,Location 2330 Sudderth - Ruidoso,Concentrate (Volatile Solvent) Vaporizer Packaged,Sour D 1g Rosin,Sour Papaya,Pass,72.9,2027-08-31
7268679357969959,Location 876 NM-48 - Alto,Concentrate (Volatile Solvent) Vaporizer Packaged,SL - Strawberry Cough (S) 2g AIO,Mixed,Pass,91.72,2027-08-14
7299318459118484,Location 6505 US 380 - Carrizozo,Concentrate (Volatile Solvent) Vaporizer Packaged,SL - Strawberry Cough (S) 2g AIO,Mixed,Pass,91.72,2027-08-14
7312712692983663,Location 6505 US 380 - Carrizozo,Concentrate (Volatile Solvent) Vaporizer Packaged,DIME - AIO - Strawberry Cough (S) - 2g,Mixed,Pass,90.3,2027-09-01
7353590411571472,Location 6505 US 380 - Carrizozo,Concentrate (Volatile Solvent) Vaporizer Packaged,DIME - AIO - Mango Diesel - 2g,,Pass,91.13,2027-09-01
7433756624680716,Location 876 NM-48 - Alto,Concentrate (Volatile Solvent) Vaporizer Packaged,SL - Tropical Kiwi (H) 2g AIO,Mixed,Pass,91.26,2027-08-21
7491682603811381,Location 6505 US 380 - Carrizozo,Concentrate (Volatile Solvent) Vaporizer Packaged,SL - Tropical Kiwi (H) 2g AIO,Mixed,Pass,91.26,2027-08-21
7504296394744478,Location 6505 US 380 - Carrizozo,Concentrate (Volatile Solvent) Vaporizer Packaged,SL - Tropical Kiwi (H) 2g AIO,Mixed,Pass,92.06,2027-09-01
7539955685274671,Location 2330 Sudderth - Ruidoso,Concentrate (Volatile Solvent) Vaporizer Packaged,Atlas - Cart - Distillate - Peach Bellini - 1g,Mixed,Pass,89.94,2027-09-01
7630249923515670,Location 6505 US 380 - Carrizozo,Concentrate (Volatile Solvent) Vaporizer Packaged,SL - Wedding Cake (H) 2g AIO,Mixed,Pass,92.71,2027-08-14
7717848929965201,Location 2330 Sudderth - Ruidoso,Concentrate (Volatile Solvent) Vaporizer Packaged,Baked Chicken Farm - Rooster Booster - Hash Hole  - L.A. Runtz - 2g,L.A. Runtz,Pass,36.9,2027-09-01
7736801602122847,Location 2330 Sudderth - Ruidoso,Concentrate (Volatile Solvent) Vaporizer Packaged,DROOL RSO RECOVERY 1G SYRINGE,MIXED STRAINS,Pass,86.29,2027-09-01
7833297579305264,Location 6505 US 380 - Carrizozo,Concentrate (Volatile Solvent) Vaporizer Packaged,DIME - AIO - Guavalicious (s) 2g,Mixed,Pass,91.68,2027-09-01
7843285118585098,Location 876 NM-48 - Alto,Concentrate (Volatile Solvent) Vaporizer Packaged,BL - Lemon Pound Cake (H) 2G AIO,,Pass,50.93,2027-08-18
7917612986871877,Location 2330 Sudderth - Ruidoso,Concentrate (Volatile Solvent) Vaporizer Packaged,True Roots - BHO - 1g - Galactic Glue - 1.00 gram,Galactic Glue,Pass,82.17,2027-09-01
7918401122325001,Location 6505 US 380 - Carrizozo,Concentrate (Volatile Solvent) Vaporizer Packaged,Cartology - Cart - Apples and Nay Nay (I) - 1g,Mixed,Pass,82.03,2027-09-01
7954686419011759,Location 6505 US 380 - Carrizozo,Concentrate (Volatile Solvent) Vaporizer Packaged,BL - Lemon Pound Cake (H) 2G AIO,,Pass,50.93,2027-08-18
8008449761496307,Location 876 NM-48 - Alto,Concentrate (Volatile Solvent) Vaporizer Packaged,BL - Mint OG (I) 2G AIO,Mixed,Pass,52.27,2027-08-18
8053526053648341,Location 6505 US 380 - Carrizozo,Concentrate (Volatile Solvent) Vaporizer Packaged,BL - Mint OG (I) 2G AIO,Mixed,Pass,52.27,2027-08-18
8059729975171165,Location 2330 Sudderth - Ruidoso,Concentrate (Volatile Solvent) Vaporizer Packaged,SL - Pink Lemon Haze (H) 2g AIO,Mixed,Pass,92.35,2027-09-01
8207677977578946,Location 2330 Sudderth - Ruidoso,Concentrate (Volatile Solvent) Vaporizer Packaged,2g Turnt Up raspberry Kush x Double Bubble,Mixed,Pass,88.27,2027-08-31
8305255159698925,Location 6505 US 380 - Carrizozo,Concentrate (Volatile Solvent) Vaporizer Packaged,DROOL PURPLE MARTIAN 2G AIO,,Pass,91.81,2027-09-01
8395262079947002,Location 2330 Sudderth - Ruidoso,Concentrate (Volatile Solvent) Vaporizer Packaged,Cartology - Cart - White Cake (H) - 1g,Mixed,Pass,82.03,2027-09-01
8481038099293908,Location 876 NM-48 - Alto,Concentrate (Volatile Solvent) Vaporizer Packaged,BL - Mowie Wowie (S) 2G AIO,Mixed,Pass,52.71,2027-08-18
8505558428618597,Location 2330 Sudderth - Ruidoso,Concentrate (Volatile Solvent) Vaporizer Packaged,42 Days - Vape - Sunset Sherbert - 2g,Mixed,Pass,80.64,2027-09-01
8590845336995253,Location 2330 Sudderth - Ruidoso,Concentrate (Volatile Solvent) Vaporizer Packaged,P37 - Tier 1 Cold Cure Rosin - Peach OZ - 1g,Peach OZ,Pass,73.6,2027-09-01
8607018967343895,Location 2330 Sudderth - Ruidoso,Concentrate (Volatile Solvent) Vaporizer Packaged,Atlas - AIO - Live Resin - Lemon Disco - 1g,Mixed,Pass,68.85,2027-09-01
8624873736001800,Location 2330 Sudderth - Ruidoso,Concentrate (Volatile Solvent) Vaporizer Packaged,True Roots - BHO - 1g - Grand Daddy Purple - 1.00 gram,Grand Daddy Purple,Pass,77.14,2027-09-01
8667755009558471,Location 2330 Sudderth - Ruidoso,Concentrate (Volatile Solvent) Vaporizer Packaged,Hippy Trout - Cart - Live Resin - Platinum Dolato (H) - 1g,Mixed,Pass,87.1,2027-09-01
8688109516891831,Location 2330 Sudderth - Ruidoso,Concentrate (Volatile Solvent) Vaporizer Packaged,42 Days - Wax - Hot Air Balloon - 1g,Mixed,Pass,80.64,2027-09-01
8704449936775329,Location 6505 US 380 - Carrizozo,Concentrate (Volatile Solvent) Vaporizer Packaged,SL - Tropical Kiwi (H) 2g AIO,Mixed,Pass,90.3,2027-09-01
8767207301806320,Location 2330 Sudderth - Ruidoso,Concentrate (Volatile Solvent) Vaporizer Packaged,True Roots - BHO - 1g - Dantes Inferno - 1.00 gram,Mixed,Pass,73.64,2027-09-01
8879515246724783,Location 2330 Sudderth - Ruidoso,Concentrate (Volatile Solvent) Vaporizer Packaged,BCF - 1g. Disposable - Fruity Cereal,Granny Kandy,Pass,94.6,2027-08-31
8954267438714707,Location 876 NM-48 - Alto,Concentrate (Volatile Solvent) Vaporizer Packaged,PHD - Distillate Syringe - 1G,Mixed,Pass,91.66,2027-09-01
9141734409409128,Location 6505 US 380 - Carrizozo,Concentrate (Volatile Solvent) Vaporizer Packaged,DIME - AIO - Balance Line - Mint OG - 2g,Mixed,Pass,55.46,2027-09-01
9161466583658289,Location 2330 Sudderth - Ruidoso,Concentrate (Volatile Solvent) Vaporizer Packaged,DROOL CADILLAC RAINBOW CURED RESIN 3.5G BALLER JAR,Cadillac Rainbow (H),Pass,83.48,2027-09-01
9170437437695070,Location 2330 Sudderth - Ruidoso,Concentrate (Volatile Solvent) Vaporizer Packaged,Baked Chicken Farm - Cart - Sour Apple - 1g,Granny Kandy,Pass,94.6,2027-09-01
9269708200947133,Location 6505 US 380 - Carrizozo,Concentrate (Volatile Solvent) Vaporizer Packaged,SL - Tropical Kiwi (H) 2g AIO,Mixed,Pass,91.68,2027-09-01
9281835802284333,Location 2330 Sudderth - Ruidoso,Concentrate (Volatile Solvent) Vaporizer Packaged,SL - Blueberry Lemon Haze (S) 2g AIO,Mixed,Pass,91.26,2027-08-21
9301245351851666,Location 2330 Sudderth - Ruidoso,Concentrate (Volatile Solvent) Vaporizer Packaged,BL - Mowie Wowie (S) 2G AIO,Mixed,Pass,52.71,2027-08-18
9311043929145137,Location 2330 Sudderth - Ruidoso,Concentrate (Volatile Solvent) Vaporizer Packaged,BL - Mint OG (I) 2G AIO,Mixed,Pass,52.27,2027-08-18
9426262999748075,Location 2330 Sudderth - Ruidoso,Concentrate (Volatile Solvent) Vaporizer Packaged,GHOST - Ice Cream Cake - Indica - Live Resin Pod 1g,Ice Cream Cake,Pass,92.28,2027-09-01
9624798056540492,Location 2330 Sudderth - Ruidoso,Concentrate (Volatile Solvent) Vaporizer Packaged,Olio - Sumo - Yellow Venom Live Resin Dry Sugar - 7g,Banana-Conda,Pass,77.19,2027-09-01
9628877731494334,Location 876 NM-48 - Alto,Concentrate (Volatile Solvent) Vaporizer Packaged,PhD Wax - 1G Jar - Forbidden Lemon (S),Forbidden Lemon,Pass,79.98,2027-09-01
9633182182287117,Location 2330 Sudderth - Ruidoso,Concentrate (Volatile Solvent) Vaporizer Packaged,Olio - Sumo - Jelly Roller Live Resin Dry Sugar - 7g,Jelly Roller,Pass,76.69,2027-09-01
9751109750701408,Location 2330 Sudderth - Ruidoso,Concentrate (Volatile Solvent) Vaporizer Packaged,42 Days - Vape - Hot Air Balloon - 2g,Mixed,Pass,83.15,2027-09-01
9787343033829934,Location 2330 Sudderth - Ruidoso,Concentrate (Volatile Solvent) Vaporizer Packaged,Urb - 2.7g Aerovape Jumbo - Guava Gelato,Mixed,Pass,90.98,2027-09-01
9789716017662459,Location 2330 Sudderth - Ruidoso,Concentrate (Volatile Solvent) Vaporizer Packaged,Urb - 1g Aerodab - Trainwreck (S) (RESIN),Trainwreck,Pass,91.2,2027-09-01
9805473853046568,Location 2330 Sudderth - Ruidoso,Concentrate (Volatile Solvent) Vaporizer Packaged,DROOL RSO SLEEP 1G SYRINGE,MIXED STRAINS,Pass,86.29,2027-09-01
9830001514329786,Location 2330 Sudderth - Ruidoso,Concentrate (Volatile Solvent) Vaporizer Packaged,DROOL BLACK GARLIC CURED RESIN 3.5G BALLER JAR,Black Garlic (I),Pass,83.6,2027-09-01
9970533443368777,Location 2330 Sudderth - Ruidoso,Concentrate (Volatile Solvent) Vaporizer Packaged,Higher Grade Farms - Bubble Hash - Hybrid 1g,Mixed,Pass,46.3,2027-09-01
9984883358900609,Location 6505 US 380 - Carrizozo,Concentrate (Volatile Solvent) Vaporizer Packaged,DIME - AIO - Blackberry OG - 2G,Mixed,Pass,91.68,2027-09-01
0048921776373249,Location 2330 Sudderth - Ruidoso,Deli Style Cannabis,Cannyall - Flower Lot - Dorothys Junkie,Dorthy's Junkie,Pass,30.22,2027-08-31
0061281961407695,Location 2330 Sudderth - Ruidoso,Deli Style Cannabis,Cannyall - Flower Lot - Cherry Boof,Cherry Boof,Pass,25.91,2027-08-31
0067463657539359,Location 2330 Sudderth - Ruidoso,Deli Style Cannabis,Cannyall - Flower Lot - Desert Diesel,Desert Diesel,Pass,29.94,2027-08-31
0114904211697237,Location 2330 Sudderth - Ruidoso,Deli Style Cannabis,TGR - Flower Lot - Stardawg Guava,2-Stardawg Guava,Pass,22.04,2027-08-31
0180955419755713,Location 2330 Sudderth - Ruidoso,Deli Style Cannabis,Truforia - Flower Lot - Turkish Delight,Turkish Delight (S),Pass,26.1,2027-09-01
0478488649127791,Location 876 NM-48 - Alto,Deli Style Cannabis,TGR - D eli Style Flower - Da Snow,Da Snow,Pass,29.26,2027-09-01
0519946460185076,Location 6505 US 380 - Carrizozo,Deli Style Cannabis,,Peanut Butter Breath,Pass,25.82,2027-09-01
0525825595641732,Location 876 NM-48 - Alto,Deli Style Cannabis,TGR - D eli Style Flower - Peanut Butter Breath,Peanut Butter Breath,Pass,25.82,2027-09-01
1282436752428933,Location 6505 US 380 - Carrizozo,Deli Style Cannabis,P37 - Flower Lot - OG Zest,OG Zest,Pass,18.45,2027-09-01
1315999470566736,Location 6505 US 380 - Carrizozo,Deli Style Cannabis,Terpland Farms - Bulk Flower - Whitemeat,Whitemeat,Pass,19.1,2027-09-01
1568602980832003,Location 6505 US 380 - Carrizozo,Deli Style Cannabis,P37 - Flower Lot - Wilson Popz,Wilson Popz,Pass,25.35,2027-09-01
1665649288182733,Location 2330 Sudderth - Ruidoso,Deli Style Cannabis,Virtuous Cannabis - Flower - Permanent Chimera 2,Permanent Chimera 2,Pass,20.55,2027-09-05
1701583332089686,Location 2330 Sudderth - Ruidoso,Deli Style Cannabis,Cannyland - Flower Lot - Dorothys Junkie,Dorthy's Junkie,Pass,30.26,2027-09-01
1808209507125587,Location 2330 Sudderth - Ruidoso,Deli Style Cannabis,,Peanut Butter Breath,Pass,25.82,2027-09-01
2019125542626057,Location 6505 US 380 - Carrizozo,Deli Style Cannabis,Diablo Buds - Flower - Sour OG,SOUR OG,Pass,26.99,2027-09-01
2081073951453111,Location 2330 Sudderth - Ruidoso,Deli Style Cannabis,Diablo Buds - Flower - Green Gelato,GREEN GELATO,Pass,26.72,2027-09-01
2113399794044422,Location 6505 US 380 - Carrizozo,Deli Style Cannabis,Terpland Farms - Bulk Flower - Fatso,Fatso,Pass,22.7,2027-09-01
2206611800083235,Location 6505 US 380 - Carrizozo,Deli Style Cannabis,Truforia - Flower Lot - Apollo,Apollo (S),Pass,25,2027-09-01
2279430392622655,Location 2330 Sudderth - Ruidoso,Deli Style Cannabis,Purple Dosidos (I),Purple Dosidos (I),Pass,26.8,2027-08-31
2302254585243042,Location 2330 Sudderth - Ruidoso,Deli Style Cannabis,Dantes Inferno (I),Dantes Inferno (I),Pass,27,2027-08-31
2415605326700107,Location 876 NM-48 - Alto,Deli Style Cannabis,TGR - Deli Style Flower - Dantes Inferno (I),Dantes Inferno (I),Pass,27,2027-08-31
2443441956157376,Location 6505 US 380 - Carrizozo,Deli Style Cannabis,Dantes Inferno (I),Dantes Inferno (I),Pass,27,2027-08-31
2507304722281055,Location 6505 US 380 - Carrizozo,Deli Style Cannabis,TGR - Deli Style Flower - Purple Dosidos (I),Purple Dosidos (I),Pass,26.8,2027-08-31
2510000271181634,Location 876 NM-48 - Alto,Deli Style Cannabis,TGR - Deli Style Flower - Purple Dosidos (I),Purple Dosidos (I),Pass,26.8,2027-08-31
3970569319954190,Location 6505 US 380 - Carrizozo,Deli Style Cannabis,Diablo Buds - Flower - Sour OG,SOUR OG,Pass,26.99,2027-09-01
4001659046849506,Location 2330 Sudderth - Ruidoso,Deli Style Cannabis,Flower - Oreo Blizzard - (g),Oreo Blizzard,Pass,30.9,2027-08-31
4056629870915581,Location 2330 Sudderth - Ruidoso,Deli Style Cannabis,Flower - Beetle Juice - (g),Beetle Juice,Pass,30.61,2027-08-31
4137335879342996,Location 876 NM-48 - Alto,Deli Style Cannabis,Terpland Farms - Bulk Flower - JMO 13,Jomo 13,Pass,25.71,2027-09-01
4208306876357713,Location 2330 Sudderth - Ruidoso,Deli Style Cannabis,Flower - Panther Runtz - (g),Panther Runtz,Pass,29.61,2027-08-31
4347957359712358,Location 6505 US 380 - Carrizozo,Deli Style Cannabis,Flower - Panther Runtz - (g),Panther Runtz,Pass,29.61,2027-08-31
4389376966757207,Location 876 NM-48 - Alto,Deli Style Cannabis,Growers Circle - Deli Style Flower - Panther Runtz,Panther Runtz,Pass,29.61,2027-08-31
4490309403359388,Location 876 NM-48 - Alto,Deli Style Cannabis,710 - Flower Lot - Nimbus Snacks,Nimbus Snacks,Pass,24.49,2027-09-01
4628077775127502,Location 876 NM-48 - Alto,Deli Style Cannabis,Growers Circle - Deli Style Flower - Lulu Lemon,Lulu Lemon,Pass,30.22,2027-08-31
4860170579307256,Location 876 NM-48 - Alto,Deli Style Cannabis,Growers Circle - Deli Style Flower - Beetle Juice,Beetle Juice,Pass,30.61,2027-08-31
4964868853297031,Location 6505 US 380 - Carrizozo,Deli Style Cannabis,Flower - Oreo Blizzard - (g),Oreo Blizzard,Pass,30.9,2027-08-31
4986888698931878,Location 876 NM-48 - Alto,Deli Style Cannabis,Growers Circle - Deli Style Flower - Oreo Blizzard,Oreo Blizzard,Pass,30.9,2027-08-31
5389318463813770,Location 2330 Sudderth - Ruidoso,Deli Style Cannabis,Higher Grade Farms - Deli Style Flower - Blue Runtz,Blue Runtz,Pass,26.84,2027-09-01
5445006718625060,Location 2330 Sudderth - Ruidoso,Deli Style Cannabis,Higher Grade Farms - Deli Style Flower - Peacemaker,Peacemaker,Pass,22.22,2027-08-31
5464497999781069,Location 2330 Sudderth - Ruidoso,Deli Style Cannabis,Higher Grade Farms - Deli Style Flower - Purple African Magic,Purple African Magic,Pass,26.72,2027-08-31
5473935674063054,Location 2330 Sudderth - Ruidoso,Deli Style Cannabis,Truforia - Flower Lot - Purple Punch (H),Purple Punch,Pass,27.7,2027-09-01
5677918256793696,Location 876 NM-48 - Alto,Deli Style Cannabis,TGR - Flower Lot - Stardawg Guava,2-Stardawg Guava,Pass,22.04,2027-08-31
5959371629833267,Location 6505 US 380 - Carrizozo,Deli Style Cannabis,TGR - Flower Lot - True OG,3-True OG,Pass,21.33,2027-08-31
5971131534283633,Location 876 NM-48 - Alto,Deli Style Cannabis,TGR - Flower Lot - True OG,3-True OG,Pass,21.33,2027-08-31
6048897076345712,Location 876 NM-48 - Alto,Deli Style Cannabis,TGR - Flower Lot - Tangie,5-Tangie,Pass,19.1,2027-08-31
6115968183965307,Location 876 NM-48 - Alto,Deli Style Cannabis,TGR - Flower Lot - Super Lemon Haze,1-Super Lemon Haze,Pass,21.28,2027-08-31
6238454432478600,Location 876 NM-48 - Alto,Deli Style Cannabis,Terpland Farms - Bulk Flower - Whitemeat,Whitemeat,Pass,19.1,2027-09-01
6275743060231505,Location 6505 US 380 - Carrizozo,Deli Style Cannabis,TGR - Flower Lot - Grape God Bud,4-Grape God Bud,Pass,19.32,2027-08-31
6288657178142556,Location 876 NM-48 - Alto,Deli Style Cannabis,TGR - Flower Lot - Grape God Bud,4-Grape God Bud,Pass,19.32,2027-08-31
6834678844786654,Location 2330 Sudderth - Ruidoso,Deli Style Cannabis,Higher Grade Farms - Deli Style Flower - Crescendo,Crescendo,Pass,19.45,2027-08-31
6836348251630411,Location 876 NM-48 - Alto,Deli Style Cannabis,Higher Grade Farms - Deli Style Flower - Wedding Cake,Wedding Cake,Pass,28.43,2027-08-31
6837653740769436,Location 2330 Sudderth - Ruidoso,Deli Style Cannabis,Higher Grade Farms - Deli Style Flower - P85,P85,Pass,25.31,2027-09-01
6934394412137415,Location 6505 US 380 - Carrizozo,Deli Style Cannabis,Terpland Farms - Flower Lot - Hood Ornament #4,Hood Ornament 4,Pass,24.51,2027-09-01
7126224124548592,Location 6505 US 380 - Carrizozo,Deli Style Cannabis,Diablo Buds - Flower - Green Gelato,GREEN GELATO,Pass,26.72,2027-09-01
7130894409835049,Location 2330 Sudderth - Ruidoso,Deli Style Cannabis,Higher Grade Farms - Flower Lot - Diamond Daggers Gas,Diamond Daggers Gas,Pass,25.51,2027-09-01
7381744824067188,Location 2330 Sudderth - Ruidoso,Deli Style Cannabis,Truforia - Flower Lot - Apollo,Apollo (S),Pass,25,2027-09-01
8242307263078770,Location 876 NM-48 - Alto,Deli Style Cannabis,710 - Flower Lot - Wedding Crasher,Wedding Crasher,Pass,24.31,2027-09-01
9257115435329419,Location 6505 US 380 - Carrizozo,Deli Style Cannabis,Truforia - Flower Lot - Purple Punch (H),Purple Punch,Pass,27.7,2027-09-01
9744716162261213,Location 2330 Sudderth - Ruidoso,Deli Style Cannabis,TGR - Flower Lot - Super Lemon Haze,1-Super Lemon Haze,Pass,21.28,2027-08-31
9747693387081226,Location 2330 Sudderth - Ruidoso,Deli Style Cannabis,TGR - Flower Lot - Tangie,5-Tangie,Pass,19.1,2027-08-31
9754028614375162,Location 2330 Sudderth - Ruidoso,Deli Style Cannabis,TGR - Flower Lot - True OG,3-True OG,Pass,21.33,2027-08-31
9817653914320995,Location 2330 Sudderth - Ruidoso,Deli Style Cannabis,Cannyall - Flower Lot - Cadillac Rainbows,Cadillac Rainbows,Pass,31.23,2027-08-31
9828658603552469,Location 2330 Sudderth - Ruidoso,Deli Style Cannabis,,Da Snow,Pass,29.26,2027-09-01
9917431358197792,Location 2330 Sudderth - Ruidoso,Deli Style Cannabis,TGR - Flower Lot - Grape God Bud,4-Grape God Bud,Pass,19.32,2027-08-31
0119709472876322,Location 2330 Sudderth - Ruidoso,Infused Pre-Rolls (Volatile Solvent) Packaged,Hippy Trout - Joint - Infused - Apple Fritter - 1g,Mixed,Pass,36.49,2027-09-01
0695374535633180,Location 2330 Sudderth - Ruidoso,Infused Pre-Rolls (Volatile Solvent) Packaged,Hot Rod - HR Unicorn Piss Hybrid 1g - Mixed - 1g,Mixed,Pass,47,2027-08-31
0779466850752502,Location 2330 Sudderth - Ruidoso,Infused Pre-Rolls (Volatile Solvent) Packaged,Sublime - Hot Rod - Grape Ape - 1g,Mixed,Pass,47,2027-09-01
0791944243656227,Location 2330 Sudderth - Ruidoso,Infused Pre-Rolls (Volatile Solvent) Packaged,Torta Indica,Notorious THC,Pass,21.8,2027-08-31
0796588910327605,Location 2330 Sudderth - Ruidoso,Infused Pre-Rolls (Volatile Solvent) Packaged,Torta Sativa,Loco Weed 53,Pass,24,2027-08-31
1623527517744482,Location 6505 US 380 - Carrizozo,Infused Pre-Rolls (Volatile Solvent) Packaged,RAWsin 2g Hash Hole - Black Maple x Jungle Canyon (I),Mixed,Pass,37.84,2027-08-31
1729680075615460,Location 2330 Sudderth - Ruidoso,Infused Pre-Rolls (Volatile Solvent) Packaged,Sublime - Hot Rod - Grand Daddy Perp - 1g,Mixed,Pass,47,2027-09-01
1736289417740858,Location 2330 Sudderth - Ruidoso,Infused Pre-Rolls (Volatile Solvent) Packaged,PHD - Joint - Infused - Watermelon Mojito (H) - 1.5g,Watermelon Mojito,Pass,46.2,2027-09-01
2043491544619895,Location 2330 Sudderth - Ruidoso,Infused Pre-Rolls (Volatile Solvent) Packaged,Baked Chicken Farm - Infused Joint - Jeffery - Smokey'z Candy - 2.2g,Smokey'z Candy,Pass,27.2,2027-09-01
2462863788085823,Location 2330 Sudderth - Ruidoso,Infused Pre-Rolls (Volatile Solvent) Packaged,RAWsin 2g Hash Hole - Black Maple x Jungle Canyon (I),Mixed,Pass,37.84,2027-08-31
2623715185585883,Location 2330 Sudderth - Ruidoso,Infused Pre-Rolls (Volatile Solvent) Packaged,Hippy Trout - Joint - Infused - Gelato Frosting - 1g,Mixed,Pass,31.54,2027-09-01
3155640808259591,Location 6505 US 380 - Carrizozo,Infused Pre-Rolls (Volatile Solvent) Packaged,Torta Indica,Notorious THC,Pass,21.8,2027-08-31
3156962494436080,Location 6505 US 380 - Carrizozo,Infused Pre-Rolls (Volatile Solvent) Packaged,Torta Hybrid,GG4,Pass,20.4,2027-08-31
3161336458546166,Location 876 NM-48 - Alto,Infused Pre-Rolls (Volatile Solvent) Packaged,Torta Sativa,Loco Weed 53,Pass,24,2027-08-31
3161918480510173,Location 6505 US 380 - Carrizozo,Infused Pre-Rolls (Volatile Solvent) Packaged,Torta Sativa,Loco Weed 53,Pass,24,2027-08-31
3269496023652043,Location 6505 US 380 - Carrizozo,Infused Pre-Rolls (Volatile Solvent) Packaged,Lazy Jays - Joint - Infused - Grape Goji OG - 1g,Mixed,Pass,41.39,2027-09-01
3636107832259543,Location 2330 Sudderth - Ruidoso,Infused Pre-Rolls (Volatile Solvent) Packaged,Sublime - Hot Rod - Blue Dream (S) - 1g,Mixed,Pass,47,2027-09-01
3877880793046488,Location 2330 Sudderth - Ruidoso,Infused Pre-Rolls (Volatile Solvent) Packaged,DROOL 2PK INFUSED BLUNT KING LOUIE XIII 2G,Mixed,Pass,87.24,2027-09-01
3880566775029566,Location 6505 US 380 - Carrizozo,Infused Pre-Rolls (Volatile Solvent) Packaged,Hot Rod - HR Mai Tai Sativa 1g - Mixed - 1g,Mixed,Pass,47,2027-08-31
3889691497718167,Location 6505 US 380 - Carrizozo,Infused Pre-Rolls (Volatile Solvent) Packaged,Hot Rod - HR Grape Ape Indica 1g - Mixed - 1g,Mixed,Pass,47,2027-08-31
4271971946837613,Location 6505 US 380 - Carrizozo,Infused Pre-Rolls (Volatile Solvent) Packaged,Lazy Jays - Joint - Infused - Lemon Cherry Gelato - 1g,Mixed,Pass,41.39,2027-09-01
4586105307170315,Location 2330 Sudderth - Ruidoso,Infused Pre-Rolls (Volatile Solvent) Packaged,Sublime - Hot Rod - Purple Urkle - 1g,Mixed,Pass,47,2027-09-01
4790884709675887,Location 6505 US 380 - Carrizozo,Infused Pre-Rolls (Volatile Solvent) Packaged,Lazy Jays - Joint - Infused - Cherry Pie - 1g,Mixed,Pass,41.39,2027-09-01
4836643425452358,Location 6505 US 380 - Carrizozo,Infused Pre-Rolls (Volatile Solvent) Packaged,Lazy Jays - Joint - Infused - Watchamacallit? - 1g,Mixed,Pass,41.39,2027-09-01
4994124965746674,Location 6505 US 380 - Carrizozo,Infused Pre-Rolls (Volatile Solvent) Packaged,Lazy Jays - Joint - Infused - Hawaiian Haze - 1g,Mixed,Pass,41.39,2027-09-01
5020615608635663,Location 6505 US 380 - Carrizozo,Infused Pre-Rolls (Volatile Solvent) Packaged,Lazy Jays - Joint - Infused - Watchamacallit? - 1g,Mixed,Pass,41.39,2027-09-01
5658722969655298,Location 6505 US 380 - Carrizozo,Infused Pre-Rolls (Volatile Solvent) Packaged,Lazy Jays - Joint - Infused - Maui Wowie - 1g,Mixed,Pass,41.39,2027-09-01
5797644090370038,Location 6505 US 380 - Carrizozo,Infused Pre-Rolls (Volatile Solvent) Packaged,Lazy Jays - Joint - Infused - Lemon Cherry Gelato - 1g,Mixed,Pass,41.39,2027-09-01
5880267880468057,Location 2330 Sudderth - Ruidoso,Infused Pre-Rolls (Volatile Solvent) Packaged,Baked Chicken Farm - Infused Joint - Jeffery - Pineapple Express - 2.2g,Pineapple Express,Pass,38.1,2027-09-01
6002335596281275,Location 6505 US 380 - Carrizozo,Infused Pre-Rolls (Volatile Solvent) Packaged,Lazy Jays - Joint - Infused - Watchamacallit? - 1g,Mixed,Pass,41.39,2027-09-01
6159320063035811,Location 2330 Sudderth - Ruidoso,Infused Pre-Rolls (Volatile Solvent) Packaged,Volo - Flower - Infused Pineapple Express - 14g,Mixed,Pass,42.25,2027-09-01
6587136398296034,Location 2330 Sudderth - Ruidoso,Infused Pre-Rolls (Volatile Solvent) Packaged,Lemon Cherry Gelato 1g Pre Roll,Mixed,Pass,41.39,2027-08-31
6588683201742173,Location 2330 Sudderth - Ruidoso,Infused Pre-Rolls (Volatile Solvent) Packaged,Cherry Pie 1g Infused Pre Roll,Mixed,Pass,41.39,2027-08-31
6593850806897869,Location 2330 Sudderth - Ruidoso,Infused Pre-Rolls (Volatile Solvent) Packaged,WhatchaMaCallIt 1g Infused Pre Roll,Mixed,Pass,41.39,2027-08-31
6649970740561676,Location 2330 Sudderth - Ruidoso,Infused Pre-Rolls (Volatile Solvent) Packaged,Hippy Trout - Joint - Infused - Platinum Dolato - 1g,Mixed,Pass,41.02,2027-09-01
7322320810589993,Location 6505 US 380 - Carrizozo,Infused Pre-Rolls (Volatile Solvent) Packaged,WhatchaMaCallIt 1g Infused Pre Roll,Mixed,Pass,41.39,2027-08-31
7335604382681491,Location 876 NM-48 - Alto,Infused Pre-Rolls (Volatile Solvent) Packaged,WhatchaMaCallIt 1g Infused Pre Roll,Mixed,Pass,41.39,2027-08-31
7388833911670904,Location 6505 US 380 - Carrizozo,Infused Pre-Rolls (Volatile Solvent) Packaged,Lazy Jays - Joint - Infused - Hawaiian Haze - 1g,Mixed,Pass,41.39,2027-09-01
7484606355509072,Location 6505 US 380 - Carrizozo,Infused Pre-Rolls (Volatile Solvent) Packaged,Hawaiian Haze 1g Infused Pre Roll,Mixed,Pass,41.39,2027-08-31
7626874084915369,Location 876 NM-48 - Alto,Infused Pre-Rolls (Volatile Solvent) Packaged,Hawaiian Haze 1g Infused Pre Roll,Mixed,Pass,41.39,2027-08-31
7698143674296618,Location 6505 US 380 - Carrizozo,Infused Pre-Rolls (Volatile Solvent) Packaged,Hawaiian Haze 1g Infused Pre Roll,Mixed,Pass,41.39,2027-08-31
7829471131903177,Location 6505 US 380 - Carrizozo,Infused Pre-Rolls (Volatile Solvent) Packaged,Lazy Jays - Joint - Infused - Grape Goji OG - 1g,Mixed,Pass,41.39,2027-09-01
7985134906301672,Location 6505 US 380 - Carrizozo,Infused Pre-Rolls (Volatile Solvent) Packaged,Lazy Jays - Joint - Infused - Lemon Cherry Gelato - 1g,Mixed,Pass,41.39,2027-09-01
7990876113076884,Location 876 NM-48 - Alto,Infused Pre-Rolls (Volatile Solvent) Packaged,Hawaiian Haze 1g Infused Pre Roll,Mixed,Pass,41.39,2027-08-31
8077857191907271,Location 6505 US 380 - Carrizozo,Infused Pre-Rolls (Volatile Solvent) Packaged,Cherry Pie 1g Infused Pre Roll,Mixed,Pass,41.39,2027-08-31
8165481338476399,Location 6505 US 380 - Carrizozo,Infused Pre-Rolls (Volatile Solvent) Packaged,Hawaiian Haze 1g Infused Pre Roll,Mixed,Pass,41.39,2027-08-31
8186697973699403,Location 876 NM-48 - Alto,Infused Pre-Rolls (Volatile Solvent) Packaged,Hawaiian Haze 1g Infused Pre Roll,Mixed,Pass,41.39,2027-08-31
8248965906671389,Location 6505 US 380 - Carrizozo,Infused Pre-Rolls (Volatile Solvent) Packaged,Lemon Cherry Gelato 1g Pre Roll,Mixed,Pass,41.39,2027-08-31
8263096805155889,Location 876 NM-48 - Alto,Infused Pre-Rolls (Volatile Solvent) Packaged,Lemon Cherry Gelato 1g Pre Roll,Mixed,Pass,41.39,2027-08-31
8422943974119081,Location 6505 US 380 - Carrizozo,Infused Pre-Rolls (Volatile Solvent) Packaged,Lazy Jays - Joint - Infused - Cherry Pie - 1g,Mixed,Pass,41.39,2027-09-01
8783176674037834,Location 2330 Sudderth - Ruidoso,Infused Pre-Rolls (Volatile Solvent) Packaged,Sublime - Hot Rod - Mai Tai - 1g,Mixed,Pass,31.49,2027-09-01
9210042803633288,Location 6505 US 380 - Carrizozo,Infused Pre-Rolls (Volatile Solvent) Packaged,Lychee Dream .5 gram Dogwalker,Mixed,Pass,42.64,2027-08-31
9491687398403884,Location 6505 US 380 - Carrizozo,Infused Pre-Rolls (Volatile Solvent) Packaged,Watermelon Mojito .5 gram Dogwalker,Mixed,Pass,44.46,2027-08-31
9610754038620817,Location 2330 Sudderth - Ruidoso,Infused Pre-Rolls (Volatile Solvent) Packaged,Lemon Cherry Gelato .5 gram Dogwalker,Mixed,Pass,41.8,2027-08-31
9677326674121432,Location 2330 Sudderth - Ruidoso,Infused Pre-Rolls (Volatile Solvent) Packaged,Peach Ringz .5gram Dogwalker,Mixed,Pass,40.7,2027-08-31
9682375451508954,Location 6505 US 380 - Carrizozo,Infused Pre-Rolls (Volatile Solvent) Packaged,Peach Ringz .5gram Dogwalker,Mixed,Pass,40.7,2027-08-31
9685642631194372,Location 2330 Sudderth - Ruidoso,Infused Pre-Rolls (Volatile Solvent) Packaged,Lychee Dream .5 gram Dogwalker,Mixed,Pass,42.64,2027-08-31
9860911178800461,Location 6505 US 380 - Carrizozo,Infused Pre-Rolls (Volatile Solvent) Packaged,Grape Goji OG .5gram Dogwalker,Mixed,Pass,40.57,2027-08-31
9959667961265659,Location 6505 US 380 - Carrizozo,Infused Pre-Rolls (Volatile Solvent) Packaged,Lemon Cherry Gelato .5 gram Dogwalker,Mixed,Pass,41.8,2027-08-31
9998124646387795,Location 6505 US 380 - Carrizozo,Infused Pre-Rolls (Volatile Solvent) Packaged,Lazy Jays - Joint - Infused - Maui Wowie - 1g,Mixed,Pass,41.39,2027-09-01
0571711447033624,Location 2330 Sudderth - Ruidoso,Liquid Orally Consumed Product Packaged,KEEF Cola - KC Mr. Puffer 100mg - Mixed - 12fl oz,Mixed,Pass,91.81,2027-09-01
0661042681497613,Location 876 NM-48 - Alto,Liquid Orally Consumed Product Packaged,Keef Cola - Purple Passion 100mg - Purple Passion - Mixed - 12fl oz,Mixed,Pass,90.06,2027-09-01
0800452811036326,Location 6505 US 380 - Carrizozo,Liquid Orally Consumed Product Packaged,Keef Cola - Purple Passion 100mg - Mixed - 355mL,Mixed,Pass,91.93,2027-04-17
0800828135178145,Location 876 NM-48 - Alto,Liquid Orally Consumed Product Packaged,Keef Cola - Original Cola 100mg - Mixed - 355mL,Mixed,Pass,91.93,2027-04-24
0800965451293161,Location 6505 US 380 - Carrizozo,Liquid Orally Consumed Product Packaged,Keef Cola - Mr. Puffer 100mg - Mixed - 355 mL,Mixed,Pass,90.06,2027-04-30
0801085353649163,Location 6505 US 380 - Carrizozo,Liquid Orally Consumed Product Packaged,Keef Cola - Bubba Kush Root Beer 100mg - Mixed - 355mL,Mixed,Pass,90.06,2027-05-06
0801734276867366,Location 876 NM-48 - Alto,Liquid Orally Consumed Product Packaged,Keef Cola - Orange Kush 100mg - Mixed - 355mL,Mixed,Pass,90.06,2027-04-30
1437596814730820,Location 2330 Sudderth - Ruidoso,Liquid Orally Consumed Product Packaged,Dos Gringos - PM Tincture - 1000MG,,Pass,90.8,2027-09-01
1606453847240497,Location 2330 Sudderth - Ruidoso,Liquid Orally Consumed Product Packaged,KEEF Cola - KC Bubba Kush Root Beer 100mg - Mixed - 12fl oz,Mixed,Pass,91.81,2027-09-01
1767391402904625,Location 6505 US 380 - Carrizozo,Liquid Orally Consumed Product Packaged,Keef Cola - Orange Kush 100mg - Mixed - 355mL *Penny Promo Case*,Mixed,Pass,91.93,2027-04-16
1838902701342106,Location 2330 Sudderth - Ruidoso,Liquid Orally Consumed Product Packaged,Cherry Cock-Tail,MIX,Pass,0.01,2027-09-01
1845841101758370,Location 876 NM-48 - Alto,Liquid Orally Consumed Product Packaged,Royal Coconut Cock-Tail,MIX,Pass,0.01,2027-09-01
1848393213510056,Location 2330 Sudderth - Ruidoso,Liquid Orally Consumed Product Packaged,Grape Cock-Tail,MIX,Pass,0.01,2027-09-01
1859912966367698,Location 2330 Sudderth - Ruidoso,Liquid Orally Consumed Product Packaged,Royal Coconut Cock-Tail,MIX,Pass,0.01,2027-09-01
1868996564384147,Location 2330 Sudderth - Ruidoso,Liquid Orally Consumed Product Packaged,Watermelon Lemonade Cock-Tail,MIX,Pass,0.01,2027-09-01
1909269987134763,Location 2330 Sudderth - Ruidoso,Liquid Orally Consumed Product Packaged,Dos Gringos - AM Tincture - 1000MG,Mixed,Pass,87.62,2027-09-01
1912620517352244,Location 876 NM-48 - Alto,Liquid Orally Consumed Product Packaged,Cherry Cock-Tail,MIX,Pass,0.01,2027-09-01
2220524957937502,Location 2330 Sudderth - Ruidoso,Liquid Orally Consumed Product Packaged,KEEF Cola - KC Purple Passion 100mg - Mixed - 12fl oz,Mixed,Pass,90.06,2027-09-01
2634126594969537,Location 2330 Sudderth - Ruidoso,Liquid Orally Consumed Product Packaged,KEEF Cola - KC Original Cola 100mg - Mixed - 12fl oz,Mixed,Pass,91.81,2027-09-01
2854038321485608,Location 876 NM-48 - Alto,Liquid Orally Consumed Product Packaged,Keef Cola - Bubba Kush Root Beer 100mg - Mixed - 355mL,Mixed,Pass,90.06,2027-05-06
2889355304560001,Location 6505 US 380 - Carrizozo,Liquid Orally Consumed Product Packaged,Keef Cola - Original Cola 100mg - Mixed - 355mL,Mixed,Pass,91.93,2027-04-24
2896100101729582,Location 876 NM-48 - Alto,Liquid Orally Consumed Product Packaged,Keef Cola - Purple Passion 100mg - Mixed - 355mL,Mixed,Pass,91.93,2027-04-17
3260596725641376,Location 2330 Sudderth - Ruidoso,Liquid Orally Consumed Product Packaged,KEEF Cola - KC Orange Kush 100mg - Mixed - 12fl oz,Mixed,Pass,91.81,2027-09-01
4149966491662869,Location 2330 Sudderth - Ruidoso,Liquid Orally Consumed Product Packaged,KEEF Cola - KC Purple Passion 100mg - Mixed - 12fl oz,Mixed,Pass,91.81,2027-09-01
4478334551058263,Location 2330 Sudderth - Ruidoso,Liquid Orally Consumed Product Packaged,MED - VERDES - Tincture Balanced CBD/THC 1:1 - 300mg,,Pass,82.7,2027-09-01
4622023295849764,Location 2330 Sudderth - Ruidoso,Liquid Orally Consumed Product Packaged,KEEF Cola - KC Orange Kush 100mg - Mixed - 12fl oz,Mixed,Pass,91.81,2027-09-01
4756158136215167,Location 6505 US 380 - Carrizozo,Liquid Orally Consumed Product Packaged,Keef Cola - Bubba Kush Root Beer 100mg - Bubba Kush Root Beer - Mixed - 12fl oz,Mixed,Pass,91.81,2027-09-01
4925389088535165,Location 876 NM-48 - Alto,Liquid Orally Consumed Product Packaged,MED - VERDES - Tincture Balanced CBD/THC 1:1 - 300mg,,Pass,82.7,2027-09-01
4987282154167720,Location 876 NM-48 - Alto,Liquid Orally Consumed Product Packaged,Keef Cola - Original Cola 100mg - Original Cola - Mixed - 12fl oz,Mixed,Pass,91.81,2027-09-01
5089266359633076,Location 2330 Sudderth - Ruidoso,Liquid Orally Consumed Product Packaged,KEEF Cola - KC Purple Passion 100mg - Mixed - 12fl oz,Mixed,Pass,91.81,2027-09-01
5210960587427809,Location 6505 US 380 - Carrizozo,Liquid Orally Consumed Product Packaged,Keef Cola - Original Cola 100mg - Original Cola - Mixed - 12fl oz,Mixed,Pass,91.93,2027-09-01
5553975927914899,Location 2330 Sudderth - Ruidoso,Liquid Orally Consumed Product Packaged,Elevated - CQ Shot - 100mg - LIVE Resin - Sativa - Old Fashioned Lemonade,Mixed,Pass,87.74,2027-09-01
5626084425693634,Location 876 NM-48 - Alto,Liquid Orally Consumed Product Packaged,Keef Cola - Purple Passion 100mg - Purple Passion - Mixed - 12fl oz,Mixed,Pass,90.06,2027-09-01
5958380070537375,Location 2330 Sudderth - Ruidoso,Liquid Orally Consumed Product Packaged,Herbal Edibles - Bud Plugs - Suppositories - 500mg,Mixed,Pass,87,2027-09-01
6839399524302329,Location 2330 Sudderth - Ruidoso,Liquid Orally Consumed Product Packaged,KEEF Cola - KC Original Cola 100mg - Mixed - 12fl oz,Mixed,Pass,91.93,2027-09-01
7260585159641166,Location 2330 Sudderth - Ruidoso,Liquid Orally Consumed Product Packaged,KEEF Cola - KC Original Cola 100mg - Mixed - 12fl oz,Mixed,Pass,91.81,2027-09-01
7485600043033552,Location 6505 US 380 - Carrizozo,Liquid Orally Consumed Product Packaged,Keef Cola - Orange Kush 100mg - Orange Kush - Mixed - 12fl oz,Mixed,Pass,91.81,2027-09-01
8768364201903897,Location 6505 US 380 - Carrizozo,Liquid Orally Consumed Product Packaged,Herbal Edibles - Bud Plugs - Suppositories - 500mg,Mixed,Pass,87,2027-09-01
8895638058010057,Location 876 NM-48 - Alto,Liquid Orally Consumed Product Packaged,Keef Cola - Mr. Puffer 100mg - Mixed - 355 mL,Mixed,Pass,90.06,2027-04-30
8984939832425134,Location 2330 Sudderth - Ruidoso,Liquid Orally Consumed Product Packaged,KEEF Cola - KC Mr. Puffer 100mg - Mixed - 12fl oz,Mixed,Pass,91.81,2027-09-01
9001632402561828,Location 876 NM-48 - Alto,Liquid Orally Consumed Product Packaged,Keef Cola - Mr. Puffer 100mg - Mr. Puffer - Mixed - 12fl oz,Mixed,Pass,91.81,2027-09-01
9175939168096928,Location 876 NM-48 - Alto,Liquid Orally Consumed Product Packaged,Keef Cola - Orange Kush 100mg - Orange Kush - Mixed - 12fl oz,Mixed,Pass,91.81,2027-09-01
9300635710722394,Location 2330 Sudderth - Ruidoso,Liquid Orally Consumed Product Packaged,Dos Gringos - PM Tincture - 1000MG,Mixed,Pass,87.62,2027-09-01
9335002753935345,Location 2330 Sudderth - Ruidoso,Liquid Orally Consumed Product Packaged,KEEF Cola - KC Orange Kush 100mg - Mixed - 12fl oz,Mixed,Pass,91.81,2027-09-01
9357287059034183,Location 6505 US 380 - Carrizozo,Liquid Orally Consumed Product Packaged,Keef Cola - Mr. Puffer 100mg - Mr. Puffer - Mixed - 12fl oz,Mixed,Pass,91.81,2027-09-01
9395503268830807,Location 6505 US 380 - Carrizozo,Liquid Orally Consumed Product Packaged,Keef Cola - Purple Passion 100mg - Purple Passion - Mixed - 12fl oz,Mixed,Pass,90.06,2027-09-01
1156505145034612,Location 6505 US 380 - Carrizozo,Pre-Rolls Packaged,RAWthentic 1.5g Premium Preroll - Black Maple  (I),Black Maple,Pass,25.2,2027-08-31
1715527495999287,Location 2330 Sudderth - Ruidoso,Pre-Rolls Packaged,PhD - Joint - Candy Runtz (H) - 1g,Candy Runtz,Pass,27.4,2027-09-01
1917483656449997,Location 2330 Sudderth - Ruidoso,Pre-Rolls Packaged,RAWthentic 1.5g Premium Preroll - Lung Buster (S),Lung Buster,Pass,30.3,2027-08-31
2049062682816860,Location 6505 US 380 - Carrizozo,Pre-Rolls Packaged,RAWthentic 1.5g Premium Preroll - Hydroplane (S),Hydroplane,Pass,27.02,2027-08-31
2064165329183499,Location 2330 Sudderth - Ruidoso,Pre-Rolls Packaged,RAWthentic 1.5g Premium Preroll - Hydroplane (S),Hydroplane,Pass,27.02,2027-08-31
2228465703307572,Location 6505 US 380 - Carrizozo,Pre-Rolls Packaged,RAWthentic 1.5g Premium Preroll - Dante's OG (H),Dante's OG,Pass,29.43,2027-08-31
2414217035050122,Location 2330 Sudderth - Ruidoso,Pre-Rolls Packaged,Infused Zips - Peach Ringz - (S),Mixed,Pass,44.4,2027-09-01
2665953703435724,Location 2330 Sudderth - Ruidoso,Pre-Rolls Packaged,RAWthentic 1.5g Premium Preroll - Melonade (S),Melonade,Pass,26.73,2027-08-31
2753810580981445,Location 6505 US 380 - Carrizozo,Pre-Rolls Packaged,RAWthentic 1.5g Premium Preroll - Dark Plasma (I),Dark Plasma,Pass,25.42,2027-08-31
3389277577230963,Location 2330 Sudderth - Ruidoso,Pre-Rolls Packaged,RAWthentic 1.5g Premium Preroll - Sherb Cream Pie  (I),Sherb Cream Pie,Pass,26.45,2027-08-31
3537507092546705,Location 2330 Sudderth - Ruidoso,Pre-Rolls Packaged,RAWthentic 1.5g Premium Preroll - Sherb Cream Pie  (I),Sherb Cream Pie,Pass,26.45,2027-08-31
3611346277622390,Location 6505 US 380 - Carrizozo,Pre-Rolls Packaged,RAWthentic 1.5g Premium Preroll - Lung Buster (S),Lung Buster,Pass,30.3,2027-08-31
4087300170546948,Location 2330 Sudderth - Ruidoso,Pre-Rolls Packaged,RAWthentic 1.5g Premium Preroll - Lung Buster (S),Lung Buster,Pass,30.3,2027-08-31
4151916721205351,Location 2330 Sudderth - Ruidoso,Pre-Rolls Packaged,RAWthentic 1.5g Premium Preroll - Hydroplane (S),Hydroplane,Pass,27.02,2027-08-31
4166505031112080,Location 876 NM-48 - Alto,Pre-Rolls Packaged,RAWthentic 1.5g Premium Preroll - Sherb Cream Pie  (I),Sherb Cream Pie,Pass,26.45,2027-08-31
4601148952801614,Location 876 NM-48 - Alto,Pre-Rolls Packaged,RAWthentic 1.5g Premium Preroll - Dark Plasma (I),Dark Plasma,Pass,25.42,2027-08-31
4859716507652716,Location 2330 Sudderth - Ruidoso,Pre-Rolls Packaged,RAWthentic 1.5g Premium Preroll - Dante's OG (H),Dante's OG,Pass,29.43,2027-08-31
5135233374846258,Location 2330 Sudderth - Ruidoso,Pre-Rolls Packaged,RAWthentic 1.5g Premium Preroll - Dante's OG (H),Dante's OG,Pass,29.43,2027-08-31
5439167456819255,Location 876 NM-48 - Alto,Pre-Rolls Packaged,SJ PR NY Cheesecake (I),G18,Pass,33.85,2027-08-31
5519230849652105,Location 2330 Sudderth - Ruidoso,Pre-Rolls Packaged,RAWthentic 1.5g Premium Preroll - Dante's OG (H),Dante's OG,Pass,29.43,2027-08-31
5573915235344826,Location 876 NM-48 - Alto,Pre-Rolls Packaged,RAWthentic 1.5g Premium Preroll - Lung Buster (S),Lung Buster,Pass,30.3,2027-08-31
5706851636203653,Location 876 NM-48 - Alto,Pre-Rolls Packaged,RAWthentic 1.5g Premium Preroll - Dante's OG (H),Dante's OG,Pass,29.43,2027-08-31
5758756782257491,Location 2330 Sudderth - Ruidoso,Pre-Rolls Packaged,RAWthentic 1.5g Premium Preroll - Dante's OG (H),Dante's OG,Pass,29.43,2027-08-31
5892133828007001,Location 2330 Sudderth - Ruidoso,Pre-Rolls Packaged,RAWthentic 1.5g Premium Preroll - Melonade (S),Melonade,Pass,26.73,2027-08-31
6063746688834972,Location 876 NM-48 - Alto,Pre-Rolls Packaged,RAWthentic 1.5g Premium Preroll - Hydroplane (S),Hydroplane,Pass,27.02,2027-08-31
7071049449055398,Location 2330 Sudderth - Ruidoso,Pre-Rolls Packaged,RAWthentic 1.5g Premium Preroll - Black Maple  (I),Black Maple,Pass,25.2,2027-08-31
7095540733250997,Location 876 NM-48 - Alto,Pre-Rolls Packaged,RAWthentic 1.5g Premium Preroll - Black Maple  (I),Black Maple,Pass,25.2,2027-08-31
7100197190864883,Location 876 NM-48 - Alto,Pre-Rolls Packaged,RAWthentic 1.5g Premium Preroll - Melonade (S),Melonade,Pass,26.73,2027-08-31
7574756553005516,Location 2330 Sudderth - Ruidoso,Pre-Rolls Packaged,RAWthentic 1.5g Premium Preroll - Black Maple  (I),Black Maple,Pass,25.2,2027-08-31
8090447656857487,Location 6505 US 380 - Carrizozo,Pre-Rolls Packaged,RAWthentic 1.5g Premium Preroll - Melonade (S),Melonade,Pass,26.73,2027-08-31
8954793743993197,Location 2330 Sudderth - Ruidoso,Pre-Rolls Packaged,RAWthentic 1.5g Premium Preroll - Dark Plasma (I),Dark Plasma,Pass,25.42,2027-08-31
8991672452224015,Location 2330 Sudderth - Ruidoso,Pre-Rolls Packaged,RAWthentic 1.5g Premium Preroll - Dark Plasma (I),Dark Plasma,Pass,25.42,2027-08-31
9643877912197603,Location 2330 Sudderth - Ruidoso,Pre-Rolls Packaged,SJ PR NY Cheesecake (I),G18,Pass,33.85,2027-08-31
0009488552710731,Location 6505 US 380 - Carrizozo,Solid Orally Consumed Product Packaged,Chew and Chill - Strawberry Kiwi - 100mg,,Pass,74.04,2027-09-01
0027425609973025,Location 2330 Sudderth - Ruidoso,Solid Orally Consumed Product Packaged,Elevated - Honey Capsules - 100mg - Distillate - Indica - Sleep,Mixed,Pass,87.9,2027-09-01
0064814058395127,Location 2330 Sudderth - Ruidoso,Solid Orally Consumed Product Packaged,Elevated - Gummies - 100mg - Live ROSIN - Indica - Mango,FG-Rosin Oil,Pass,79.25,2028-08-05
0152847186239151,Location 6505 US 380 - Carrizozo,Solid Orally Consumed Product Packaged,GH GREEN APPLE HYBRID 1000MG,Mixed,Pass,89.49,2027-09-05
0208759373613738,Location 2330 Sudderth - Ruidoso,Solid Orally Consumed Product Packaged,CHEEBA CHEW WAX WRAP STRAWBERRY LIVE ROSIN 100MG,Mixed,Pass,91.96,2027-09-01
0354780089770786,Location 2330 Sudderth - Ruidoso,Solid Orally Consumed Product Packaged,Elevated - Chocolate - 500mg - Distillate - Indica - Dark,Mixed,Pass,87.9,2027-09-01
0435976210725331,Location 2330 Sudderth - Ruidoso,Solid Orally Consumed Product Packaged,Olio Gummies- Rec - Sour Peach - 100mg,Mixed,Pass,65.4,2027-09-01
0566973216815534,Location 2330 Sudderth - Ruidoso,Solid Orally Consumed Product Packaged,Stoney Road - Adios MF - Gummies - Lemon Drop (H) - 100mg,Thin Mints,Pass,74.1,2027-09-01
0580436828735695,Location 2330 Sudderth - Ruidoso,Solid Orally Consumed Product Packaged,MED - Herbal Edibles - Ganja Gummies - Hawaiian Crush - 1000mg,Mixed,Pass,87.3,2027-09-01
0595069337292392,Location 876 NM-48 - Alto,Solid Orally Consumed Product Packaged,EMERALD BAY MAC RSO TABLETS 100MG (5PK),RSO (H),Pass,74.83,2027-09-01
0629474237275680,Location 6505 US 380 - Carrizozo,Solid Orally Consumed Product Packaged,Baked Chicken Farm - Gummies - Bites - Grape - 5mg,Jelly Fuel,Pass,0.16,2027-09-01
0670602724796088,Location 6505 US 380 - Carrizozo,Solid Orally Consumed Product Packaged,Flight Bites - Sunset Punch - 10mg/pc - 100mg/un - Mixed - 70g,Mixed,Pass,72.87,2027-08-31
0692712922438682,Location 2330 Sudderth - Ruidoso,Solid Orally Consumed Product Packaged,Elevated - Gummies - 100mg - Live ROSIN - Hybrid - Peach,FG-Rosin Oil,Pass,79.25,2028-07-06
0712101043977369,Location 6505 US 380 - Carrizozo,Solid Orally Consumed Product Packaged,GH GREEN APPLE HYBRID 1000MG,Mixed,Pass,89.49,2027-09-01
0826499238346059,Location 2330 Sudderth - Ruidoso,Solid Orally Consumed Product Packaged,Elevated - Chocolate - 100mg - Live ROSIN - Sativa - Peanut Butter,FG-Rosin Oil,Pass,79.25,2028-08-05
0838562144431130,Location 6505 US 380 - Carrizozo,Solid Orally Consumed Product Packaged,Tyson 2.0 - Mike Bites - Nite Bites (I) - 100mg,Mixed,Pass,90.4,2027-09-01
0862367790519875,Location 2330 Sudderth - Ruidoso,Solid Orally Consumed Product Packaged,Olio Gummies - Rec - Chili Lime Mango- 100mg,Mixed,Pass,65.4,2027-09-01
0874185957332929,Location 2330 Sudderth - Ruidoso,Solid Orally Consumed Product Packaged,Elevated - Chocolate - 100mg - Live ROSIN - Indica - Dark Raspberry,Jelly ZoNutz,Pass,75.79,2028-07-24
0893246968379477,Location 2330 Sudderth - Ruidoso,Solid Orally Consumed Product Packaged,EMERALD BAY BLUE DREAM RSO TABLETS 1000MG (50PK),Mixed,Pass,87.73,2027-09-01
0900585665530040,Location 2330 Sudderth - Ruidoso,Solid Orally Consumed Product Packaged,Sublime - Caramel - Chews - 100mg,Mixed,Pass,87.98,2027-09-01
0973721243269118,Location 2330 Sudderth - Ruidoso,Solid Orally Consumed Product Packaged,Turnt Up Pink Burst,Mixed,Pass,90.77,2027-08-31
0977769596728907,Location 2330 Sudderth - Ruidoso,Solid Orally Consumed Product Packaged,Turnt Up Banana Runtz,Mixed,Pass,90.77,2027-08-31
0990380263466038,Location 6505 US 380 - Carrizozo,Solid Orally Consumed Product Packaged,Flight Bites - StrawNana - 10mg/pc - 100mg/un - 70g,Mixed,Pass,72.87,2027-08-31
1011597499311575,Location 6505 US 380 - Carrizozo,Solid Orally Consumed Product Packaged,Sublime - Chocolate - Dark - 100mg,Mixed,Pass,90.74,2027-09-01
1033089543297621,Location 6505 US 380 - Carrizozo,Solid Orally Consumed Product Packaged,Elevated - Chocolate - 100mg - Distillate - Indica - Sleep Milk,Mixed,Pass,87.02,2028-08-26
1034064476655278,Location 2330 Sudderth - Ruidoso,Solid Orally Consumed Product Packaged,Sublime - Sucker - Grape - 50mg,,Pass,91.8,2027-09-01
1040771794943999,Location 876 NM-48 - Alto,Solid Orally Consumed Product Packaged,Elevated - Chocolate - 100mg - Distillate - Indica - Sleep Milk,Mixed,Pass,87.02,2028-08-26
1061730215488083,Location 6505 US 380 - Carrizozo,Solid Orally Consumed Product Packaged,Elevated - Chocolate - 100mg - Live ROSIN - Sativa - Milk,FG-Rosin Oil,Pass,79.25,2028-07-06
1070523507008272,Location 876 NM-48 - Alto,Solid Orally Consumed Product Packaged,Elevated - Chocolate - 100mg - Live ROSIN - Sativa - Milk,FG-Rosin Oil,Pass,79.25,2028-07-06
1073770942202722,Location 2330 Sudderth - Ruidoso,Solid Orally Consumed Product Packaged,Turnt Up Sour Red Berry,Mixed,Pass,90.77,2027-08-31
1084317065796629,Location 6505 US 380 - Carrizozo,Solid Orally Consumed Product Packaged,Elevated - Chocolate - 100mg - Live ROSIN - Indica - Dark,FG-Rosin Oil,Pass,79.25,2028-07-08
1105099986171422,Location 6505 US 380 - Carrizozo,Solid Orally Consumed Product Packaged,Elevated - Gummies - 100mg - Distillate - Indica - Cherry,Mixed,Pass,87.92,2027-09-01
1109278531025352,Location 876 NM-48 - Alto,Solid Orally Consumed Product Packaged,Elevated - Chocolate - 100mg - Live ROSIN - Indica - Dark,FG-Rosin Oil,Pass,79.25,2028-07-08
1136136724786160,Location 6505 US 380 - Carrizozo,Solid Orally Consumed Product Packaged,Elevated - Chocolate - 100mg - Live ROSIN - Sativa - Cookies and Cream,Mixed,Pass,87.74,2028-07-07
1138577164444413,Location 876 NM-48 - Alto,Solid Orally Consumed Product Packaged,Elevated - Chocolate - 100mg - Live ROSIN - Sativa - Cookies and Cream,Mixed,Pass,87.74,2028-07-07
1138892433911563,Location 6505 US 380 - Carrizozo,Solid Orally Consumed Product Packaged,MED - Sublime - Milk Chocolate - 1000mg,Mixed,Pass,91.93,2027-09-01
1164469024419643,Location 6505 US 380 - Carrizozo,Solid Orally Consumed Product Packaged,Elevated - Chocolate - 100mg - Live ROSIN - Indica - Dark Mint,Jelly ZoNutz,Pass,75.79,2028-04-29
1172286083586657,Location 6505 US 380 - Carrizozo,Solid Orally Consumed Product Packaged,Flight Bites - Smores - 10mg/pc - 100mg/un - Mixed - 90g,Mixed,Pass,72.87,2027-08-31
1198394250103602,Location 6505 US 380 - Carrizozo,Solid Orally Consumed Product Packaged,Elevated - Chocolate - 100mg - Live ROSIN - Indica - Dark Raspberry,Jelly ZoNutz,Pass,75.79,2028-07-24
1202528416481892,Location 876 NM-48 - Alto,Solid Orally Consumed Product Packaged,Elevated - Chocolate - 100mg - Live ROSIN - Indica - Dark Raspberry,Jelly ZoNutz,Pass,75.79,2028-07-24
1217963404176449,Location 6505 US 380 - Carrizozo,Solid Orally Consumed Product Packaged,WANA QK OP CHERRY COLA RELIEF 1:1:1,Mixed,Pass,90.86,2027-09-01
1227191446027339,Location 6505 US 380 - Carrizozo,Solid Orally Consumed Product Packaged,Elevated - Chocolate - 100mg - Live ROSIN - Sativa - Peanut Butter,FG-Rosin Oil,Pass,79.25,2028-08-05
1231342342714799,Location 876 NM-48 - Alto,Solid Orally Consumed Product Packaged,Elevated - Chocolate - 100mg - Live ROSIN - Sativa - Peanut Butter,FG-Rosin Oil,Pass,79.25,2028-08-05
1254215579739804,Location 6505 US 380 - Carrizozo,Solid Orally Consumed Product Packaged,Elevated - Gummies - 100mg - Live ROSIN - Hybrid - Watermelon,Honey Beltz,Pass,89.23,2028-07-06
1262798684345401,Location 876 NM-48 - Alto,Solid Orally Consumed Product Packaged,Elevated - Gummies - 100mg - Live ROSIN - Hybrid - Watermelon,Honey Beltz,Pass,89.23,2028-07-06
1267021985041968,Location 2330 Sudderth - Ruidoso,Solid Orally Consumed Product Packaged,WANA CL BLUEBERRY INDICA 100MG,Mixed,Pass,89.49,2027-09-01
1296825071355168,Location 6505 US 380 - Carrizozo,Solid Orally Consumed Product Packaged,Elevated - Gummies - 100mg - Live ROSIN - Hybrid - Peach,FG-Rosin Oil,Pass,79.25,2028-07-06
1299304542479995,Location 876 NM-48 - Alto,Solid Orally Consumed Product Packaged,Elevated - Gummies - 100mg - Live ROSIN - Hybrid - Peach,FG-Rosin Oil,Pass,79.25,2028-07-06
1300745729921631,Location 876 NM-48 - Alto,Solid Orally Consumed Product Packaged,Flight Bites - Smores - 10mg/pc - 100mg/un - Mixed - 90g,Mixed,Pass,72.87,2027-08-31
1316610691563887,Location 6505 US 380 - Carrizozo,Solid Orally Consumed Product Packaged,Elevated - Gummies - 100mg - Live ROSIN - Hybrid - Watermelon,Honey Beltz,Pass,89.23,2028-07-06
1321053827908172,Location 876 NM-48 - Alto,Solid Orally Consumed Product Packaged,Elevated - Gummies - 100mg - Live ROSIN - Hybrid - Watermelon,Honey Beltz,Pass,89.23,2028-07-06
1345559769084414,Location 876 NM-48 - Alto,Solid Orally Consumed Product Packaged,GH GOODNIGHT GRAPE 100MG,MIXED STRAINS,Pass,90.47,2028-06-26
1350271957345346,Location 876 NM-48 - Alto,Solid Orally Consumed Product Packaged,EMERALD BAY BLUE DREAM RSO TABLETS 1000MG (50PK),Mixed,Pass,87.73,2027-09-01
1357341595875100,Location 6505 US 380 - Carrizozo,Solid Orally Consumed Product Packaged,Elevated - Gummies - 100mg - Live ROSIN - Indica - Mango,FG-Rosin Oil,Pass,79.25,2028-07-06
1362494115694166,Location 876 NM-48 - Alto,Solid Orally Consumed Product Packaged,Elevated - Chocolate - 500mg - Distillate - Indica - Sleep Dark,Mixed,Pass,87.74,2027-09-01
1366024916071813,Location 876 NM-48 - Alto,Solid Orally Consumed Product Packaged,Elevated - Gummies - 100mg - Live ROSIN - Indica - Mango,FG-Rosin Oil,Pass,79.25,2028-07-06
1425466081574415,Location 876 NM-48 - Alto,Solid Orally Consumed Product Packaged,WANA QK PEACH BELLINI SATIVA 100MG,Mixed,Pass,90.86,2027-04-15
1426668954739519,Location 2330 Sudderth - Ruidoso,Solid Orally Consumed Product Packaged,Sublime - Pot Pretzels - Spicy Southwest - 100mg,,Pass,91.81,2027-09-01
1430654414374130,Location 6505 US 380 - Carrizozo,Solid Orally Consumed Product Packaged,Flight Bites - Rainbow Crunch - 10mg/pc - 100mg/un - Mixed - 70g,Mixed,Pass,72.87,2027-08-31
1432116115963317,Location 6505 US 380 - Carrizozo,Solid Orally Consumed Product Packaged,Elevated - Gummies - 100mg - Live ROSIN - Sativa - Strawberry,FG-Rosin Oil,Pass,79.25,2028-06-23
1432513543856120,Location 2330 Sudderth - Ruidoso,Solid Orally Consumed Product Packaged,Wyld - Gummies - Peach - 2:1 - 50mg,Mixed,Pass,89.76,2027-09-01
1436470903608169,Location 876 NM-48 - Alto,Solid Orally Consumed Product Packaged,Elevated - Gummies - 100mg - Live ROSIN - Sativa - Strawberry,FG-Rosin Oil,Pass,79.25,2028-06-23
1444971767552206,Location 876 NM-48 - Alto,Solid Orally Consumed Product Packaged,WANA QK OP DREAM BERRY FAST ASLEEP 20MG,Mixed,Pass,89.49,2027-07-20
1458646493260997,Location 876 NM-48 - Alto,Solid Orally Consumed Product Packaged,Elevated - Honey Capsules - 100mg - Live ROSIN - Sativa,Jelly ZoNutz,Pass,75.79,2027-09-01
1468180072336920,Location 6505 US 380 - Carrizozo,Solid Orally Consumed Product Packaged,Grape Galactic 100mg Gummies,super lemon haze,Pass,86,2027-08-31
1488762856985789,Location 6505 US 380 - Carrizozo,Solid Orally Consumed Product Packaged,Elevated - Gummies - 100mg - Live ROSIN - Indica - Cherry,Jelly ZoNutz,Pass,75.79,2028-07-17
1495116190217646,Location 2330 Sudderth - Ruidoso,Solid Orally Consumed Product Packaged,Wyld - Gummies - Sour Cherry - 100mg,Mixed,Pass,88.91,2027-09-01
1496753861782682,Location 876 NM-48 - Alto,Solid Orally Consumed Product Packaged,Elevated - Gummies - 100mg - Live ROSIN - Indica - Cherry,Jelly ZoNutz,Pass,75.79,2028-07-17
1516547689240268,Location 876 NM-48 - Alto,Solid Orally Consumed Product Packaged,WANA CL MANGO SATIVA 100MG,Mixed,Pass,89.49,2027-06-09
1520973230898723,Location 6505 US 380 - Carrizozo,Solid Orally Consumed Product Packaged,Elevated - Gummies - 100mg - Live ROSIN - Indica - Cherry,Jelly ZoNutz,Pass,75.79,2028-07-17
1525264868499454,Location 876 NM-48 - Alto,Solid Orally Consumed Product Packaged,Elevated - Gummies - 100mg - Live ROSIN - Indica - Cherry,Jelly ZoNutz,Pass,75.79,2028-07-17
1545671343993620,Location 876 NM-48 - Alto,Solid Orally Consumed Product Packaged,Grape Galactic 100mg Gummies,super lemon haze,Pass,86,2027-08-31
1560112485940990,Location 6505 US 380 - Carrizozo,Solid Orally Consumed Product Packaged,Elevated - Gummies - 100mg - Live ROSIN - Sativa - Green Apple,FG-Rosin Oil,Pass,79.25,2028-06-23
1570657958289681,Location 876 NM-48 - Alto,Solid Orally Consumed Product Packaged,WANA CL BLUEBERRY LEMONADE INDICA 1000MG,Mixed,Pass,89.49,2027-05-07
1572947285301260,Location 876 NM-48 - Alto,Solid Orally Consumed Product Packaged,Elevated - Gummies - 100mg - Live ROSIN - Sativa - Green Apple,FG-Rosin Oil,Pass,79.25,2028-06-23
1605689855649186,Location 876 NM-48 - Alto,Solid Orally Consumed Product Packaged,GH MANDARIN ENERGY 2:1 100MG,Mixed,Pass,91.96,2028-03-16
1619013616794813,Location 6505 US 380 - Carrizozo,Solid Orally Consumed Product Packaged,Elevated - Gummies - 100mg - Live ROSIN - Sativa - Strawberry,FG-Rosin Oil,Pass,79.25,2028-06-23
1621200873545115,Location 876 NM-48 - Alto,Solid Orally Consumed Product Packaged,Elevated - Gummies - 100mg - Live ROSIN - Sativa - Strawberry,FG-Rosin Oil,Pass,79.25,2028-06-23
1628197866539174,Location 2330 Sudderth - Ruidoso,Solid Orally Consumed Product Packaged,Elevated - Chocolate - 100mg - Distillate - Sativa - Milk,Mixed,Pass,87.67,2027-09-01
1646721540969046,Location 6505 US 380 - Carrizozo,Solid Orally Consumed Product Packaged,Elevated - Gummies - 100mg - Live ROSIN - Sativa - Green Apple,FG-Rosin Oil,Pass,79.25,2028-08-05
1648453748878301,Location 6505 US 380 - Carrizozo,Solid Orally Consumed Product Packaged,Sublime - Gummies - Wild Strawberry - 100mg,Mixed,Pass,92.2,2027-09-01
1653059377343081,Location 876 NM-48 - Alto,Solid Orally Consumed Product Packaged,Elevated - Gummies - 100mg - Live ROSIN - Sativa - Green Apple,FG-Rosin Oil,Pass,79.25,2028-08-05
1656135928198697,Location 2330 Sudderth - Ruidoso,Solid Orally Consumed Product Packaged,Flight Bites - Berry Cereal - 10mg/pc - 100mg/un - Mixed - 90g,Mixed,Pass,72.87,2027-08-31
1680102870147074,Location 2330 Sudderth - Ruidoso,Solid Orally Consumed Product Packaged,Flight Bites - Lemonade - 10mg/pc - 100mg/un - 70g,Mixed,Pass,72.87,2027-08-31
1686622170655791,Location 6505 US 380 - Carrizozo,Solid Orally Consumed Product Packaged,GH GOODNIGHT GRAPE 100MG,MIXED STRAINS,Pass,90.47,2028-06-26
1689385527476390,Location 6505 US 380 - Carrizozo,Solid Orally Consumed Product Packaged,Elevated - Gummies - 100mg - Live ROSIN - Hybrid - Peach,FG-Rosin Oil,Pass,79.25,2028-07-06
1697096403851938,Location 876 NM-48 - Alto,Solid Orally Consumed Product Packaged,Elevated - Gummies - 100mg - Live ROSIN - Hybrid - Peach,FG-Rosin Oil,Pass,79.25,2028-07-06
1698368232142706,Location 2330 Sudderth - Ruidoso,Solid Orally Consumed Product Packaged,Flight Bites - Mango Tajin - 10mg/pc - 100mg/un - 70g,Mixed,Pass,72.87,2027-08-31
1709354804846164,Location 6505 US 380 - Carrizozo,Solid Orally Consumed Product Packaged,Elevated - Gummies - 100mg - Live ROSIN - Indica - Mango,FG-Rosin Oil,Pass,79.25,2028-08-05
1709980055076544,Location 876 NM-48 - Alto,Solid Orally Consumed Product Packaged,FIRE BOMB HOT CINNAMON 100MG,Mixed,Pass,89.49,2027-09-01
1713087495876773,Location 6505 US 380 - Carrizozo,Solid Orally Consumed Product Packaged,Flight Bites - Mango Tajin - 10mg/pc - 100mg/un - 70g,Mixed,Pass,72.87,2027-08-31
1714669842094174,Location 2330 Sudderth - Ruidoso,Solid Orally Consumed Product Packaged,Elevated - Gummies - 100mg - Live ROSIN - Indica - Cherry,Jelly ZoNutz,Pass,75.79,2028-07-17
1716624220119649,Location 876 NM-48 - Alto,Solid Orally Consumed Product Packaged,Elevated - Gummies - 100mg - Live ROSIN - Indica - Mango,FG-Rosin Oil,Pass,79.25,2028-08-05
1717145550426512,Location 2330 Sudderth - Ruidoso,Solid Orally Consumed Product Packaged,Flight Bites - Rainbow Crunch - 10mg/pc - 100mg/un - Mixed - 70g,Mixed,Pass,72.87,2027-08-31
1753909427804380,Location 876 NM-48 - Alto,Solid Orally Consumed Product Packaged,Flight Bites - Mango Tajin - 10mg/pc - 100mg/un - 70g,Mixed,Pass,72.87,2027-08-31
1778827189730138,Location 2330 Sudderth - Ruidoso,Solid Orally Consumed Product Packaged,Elevated - Gummies - 100mg - Live ROSIN - Indica - Cherry,Jelly ZoNutz,Pass,75.79,2028-07-17
1780400755184329,Location 2330 Sudderth - Ruidoso,Solid Orally Consumed Product Packaged,Flight Bites - StrawNana - 10mg/pc - 100mg/un - 70g,Mixed,Pass,72.87,2027-08-31
1805409418554622,Location 2330 Sudderth - Ruidoso,Solid Orally Consumed Product Packaged,Flight Bites - Sunset Punch - 10mg/pc - 100mg/un - Mixed - 70g,Mixed,Pass,72.87,2027-08-31
1828586458178086,Location 876 NM-48 - Alto,Solid Orally Consumed Product Packaged,Elevated - Chocolate - 100mg - Distillate - Sativa - Peanut Butter,Mixed,Pass,87.67,2027-09-01
1848057459722672,Location 2330 Sudderth - Ruidoso,Solid Orally Consumed Product Packaged,Ampersand - Edible Concentrate - Mango (I) - 100mg/g,Dante's Inferno (I),Pass,83.53,2028-07-30
1887568725566936,Location 876 NM-48 - Alto,Solid Orally Consumed Product Packaged,Ampersand - Edible Concentrate - Strawberry Mojito (S) - 100mg/g,Acai Gelato (S),Pass,81.66,2028-08-18
1921183780058564,Location 876 NM-48 - Alto,Solid Orally Consumed Product Packaged,Ampersand - Edible Concentrate - OG (H) - 100mg/g,Gush Mints (H),Pass,84.28,2028-08-18
1922870808786301,Location 876 NM-48 - Alto,Solid Orally Consumed Product Packaged,JOY BOMB ORIGINAL 100MG,Mixed,Pass,90.06,2027-11-15
1950327767386143,Location 6505 US 380 - Carrizozo,Solid Orally Consumed Product Packaged,Flight Bites - Lemonade - 10mg/pc - 100mg/un - 70g,Mixed,Pass,72.87,2027-08-31
2001279789147877,Location 876 NM-48 - Alto,Solid Orally Consumed Product Packaged,CHEEBA CHEW WAX WRAP SLEEPY TIME INDICA 100MG,Mixed,Pass,91.96,2028-01-30
2007088001520741,Location 876 NM-48 - Alto,Solid Orally Consumed Product Packaged,Flight Bites - Lemonade - 10mg/pc - 100mg/un - 70g,Mixed,Pass,72.87,2027-08-31
2016701412077306,Location 876 NM-48 - Alto,Solid Orally Consumed Product Packaged,Ampersand - Edible Concentrate - Mango (I) - 100mg/g,Dante's Inferno (I),Pass,83.53,2028-07-30
2023363329674259,Location 876 NM-48 - Alto,Solid Orally Consumed Product Packaged,CHEEBA CHEW WAX WRAP JOINT RELIEF 100MG,Mixed,Pass,91.96,2028-01-30
2052530450520682,Location 2330 Sudderth - Ruidoso,Solid Orally Consumed Product Packaged,EMERALD BAY BLUE DREAM RSO TABLETS 100MG (5PK),Mixed,Pass,87.73,2027-09-01
2062877290923544,Location 2330 Sudderth - Ruidoso,Solid Orally Consumed Product Packaged,CHEEBA CHEW W/W CARAMEL SATIVA 1000MG,Mixed,Pass,91.77,2027-04-30
2153541041641013,Location 2330 Sudderth - Ruidoso,Solid Orally Consumed Product Packaged,Elevated - Gummies - 100mg - Live ROSIN - Hybrid - Peach,FG-Rosin Oil,Pass,79.25,2027-09-01
2166889462008373,Location 6505 US 380 - Carrizozo,Solid Orally Consumed Product Packaged,Flight Bites - Berry Cereal - 10mg/pc - 100mg/un - Mixed - 90g,Mixed,Pass,72.87,2027-08-31
2170586737248164,Location 876 NM-48 - Alto,Solid Orally Consumed Product Packaged,JOYBOMB FIRE BOMB HOT CINNAMON 100MG,Mixed,Pass,89.49,2027-09-01
2224679106431685,Location 6505 US 380 - Carrizozo,Solid Orally Consumed Product Packaged,JOY BOMB SOUR 100MG,Mixed,Pass,90.2,2027-09-01
2274476683852438,Location 876 NM-48 - Alto,Solid Orally Consumed Product Packaged,Elevated - Chocolate - 100mg - Distillate - Sativa - Milk,Mixed,Pass,87.92,2027-09-01
2277790679442791,Location 876 NM-48 - Alto,Solid Orally Consumed Product Packaged,Flight Bites - Berry Cereal - 10mg/pc - 100mg/un - Mixed - 90g,Mixed,Pass,72.87,2027-08-31
2295041190848220,Location 6505 US 380 - Carrizozo,Solid Orally Consumed Product Packaged,Stoney Road - Chocolate - Horchata Crunch,Mixed,Pass,72.07,2027-09-01
2304393787108070,Location 2330 Sudderth - Ruidoso,Solid Orally Consumed Product Packaged,GH WATERMELON HYBRID 1000MG,Mixed,Pass,90.33,2027-09-01
2322992306420614,Location 2330 Sudderth - Ruidoso,Solid Orally Consumed Product Packaged,MED - Sublime - Milk Chocolate - 1000mg,Mixed,Pass,91.93,2027-09-01
2333285271344809,Location 2330 Sudderth - Ruidoso,Solid Orally Consumed Product Packaged,Elevated - Chocolate - 100mg - Live ROSIN - Indica - Dark,FG-Rosin Oil,Pass,79.25,2028-07-08
2396781932510919,Location 2330 Sudderth - Ruidoso,Solid Orally Consumed Product Packaged,Elevated - Gummies - 100mg - Live ROSIN - Sativa - Green Apple,FG-Rosin Oil,Pass,79.25,2028-08-05
2415748129265633,Location 2330 Sudderth - Ruidoso,Solid Orally Consumed Product Packaged,Elevated - Gummies - 100mg - Distillate - Hybrid - Peach,Mixed,Pass,87.92,2027-09-01
2425630352955721,Location 6505 US 380 - Carrizozo,Solid Orally Consumed Product Packaged,Flight Bites - Strawberry Shortcake - 10mg/pc - 100mg/un - Mixed - 90g,Mixed,Pass,72.87,2027-08-31
2435274397955286,Location 6505 US 380 - Carrizozo,Solid Orally Consumed Product Packaged,Olio Gummies - Rec - Chili Lime Mango- 100mg,Mixed,Pass,65.4,2027-09-01
2452273801195013,Location 6505 US 380 - Carrizozo,Solid Orally Consumed Product Packaged,Elevated - Chocolate - 100mg - Live ROSIN - Indica - Dark Raspberry,Jelly ZoNutz,Pass,75.79,2027-09-01
2578484207701357,Location 876 NM-48 - Alto,Solid Orally Consumed Product Packaged,MED - Herbal Edibles - Ganja Gummies - High C - 1000mg,Mixed,Pass,90.2,2027-09-01
2587110134602114,Location 6505 US 380 - Carrizozo,Solid Orally Consumed Product Packaged,Flight Bites - Sour Watermelon - 10mg/pc - 100mg/un - Mixed - 70g,Mixed,Pass,72.87,2027-08-31
2665253440922590,Location 2330 Sudderth - Ruidoso,Solid Orally Consumed Product Packaged,Sublime - Chocolate - Milk - 100mg,Mixed,Pass,91.93,2027-09-01
2687517492305765,Location 6505 US 380 - Carrizozo,Solid Orally Consumed Product Packaged,Sublime - Gummies - Tropic Punch - 100mg,Mixed,Pass,91.81,2027-09-01
2702516397931910,Location 6505 US 380 - Carrizozo,Solid Orally Consumed Product Packaged,JOYBOMB FIRE BOMB HOT CINNAMON 100MG,Mixed,Pass,89.49,2027-09-01
2707000858697138,Location 2330 Sudderth - Ruidoso,Solid Orally Consumed Product Packaged,Chew and Chill - Mango Tango - 100mg,,Pass,83.42,2027-09-01
2746553602660292,Location 6505 US 380 - Carrizozo,Solid Orally Consumed Product Packaged,Flight Bites - Aloha Sunrise - 10mg/pc - 100mg/un - Mixed - 70g,Mixed,Pass,72.87,2027-08-31
2762577919004217,Location 876 NM-48 - Alto,Solid Orally Consumed Product Packaged,Flight Bites - Aloha Sunrise - 10mg/pc - 100mg/un - Mixed - 70g,Mixed,Pass,72.87,2027-08-31
2850899200834745,Location 2330 Sudderth - Ruidoso,Solid Orally Consumed Product Packaged,Chew and Chill - Jasmine Peach - 100mg,,Pass,83.76,2027-09-01
2894597312138464,Location 2330 Sudderth - Ruidoso,Solid Orally Consumed Product Packaged,Ampersand - Edible Concentrate - Mango (I) - 100mg/g,Dante's Inferno (I),Pass,83.53,2027-09-01
2919550452344584,Location 2330 Sudderth - Ruidoso,Solid Orally Consumed Product Packaged,MED - Elevated - Chocolate - 500mg - Distillate - Indica - Sleep Dark,Mixed,Pass,87.9,2027-09-01
2937790738367388,Location 2330 Sudderth - Ruidoso,Solid Orally Consumed Product Packaged,Chew and Chill - Strawberry Kiwi - 100mg,,Pass,74.04,2027-09-01
2991384363000906,Location 6505 US 380 - Carrizozo,Solid Orally Consumed Product Packaged,Elevated - Chocolate - 100mg - Live ROSIN - Indica - Dark Mint,Jelly ZoNutz,Pass,75.79,2027-09-01
3098562777914195,Location 6505 US 380 - Carrizozo,Solid Orally Consumed Product Packaged,Turnt Up Sour Red Berry,Mixed,Pass,90.77,2027-08-31
3098961387259237,Location 876 NM-48 - Alto,Solid Orally Consumed Product Packaged,Turnt Up Sour Red Berry,Mixed,Pass,90.77,2027-08-31
3102130232671377,Location 876 NM-48 - Alto,Solid Orally Consumed Product Packaged,Sublime - Gummies - Tropic Punch - 100mg,Mixed,Pass,91.81,2027-09-01
3102824352210584,Location 6505 US 380 - Carrizozo,Solid Orally Consumed Product Packaged,Turnt Up Banana Runtz,Mixed,Pass,90.77,2027-08-31
3103327647503836,Location 876 NM-48 - Alto,Solid Orally Consumed Product Packaged,Turnt Up Banana Runtz,Mixed,Pass,90.77,2027-08-31
3104342410576213,Location 6505 US 380 - Carrizozo,Solid Orally Consumed Product Packaged,Turnt Up Pink Burst,Mixed,Pass,90.77,2027-08-31
3105020711232380,Location 876 NM-48 - Alto,Solid Orally Consumed Product Packaged,Turnt Up Pink Burst,Mixed,Pass,90.77,2027-08-31
3193285205024098,Location 876 NM-48 - Alto,Solid Orally Consumed Product Packaged,Sublime - Chocolate - Cookies and Cream - 100mg,Mixed,Pass,91.93,2027-09-01
3215287804886283,Location 6505 US 380 - Carrizozo,Solid Orally Consumed Product Packaged,EMERALD BAY BLUE DREAM RSO TABLETS 1000MG (50PK),Mixed,Pass,87.73,2027-09-01
3317748829030960,Location 6505 US 380 - Carrizozo,Solid Orally Consumed Product Packaged,Sublime - Gummies - Watermelon - 100mg,Mixed,Pass,91.8,2027-09-01
3389655466344811,Location 6505 US 380 - Carrizozo,Solid Orally Consumed Product Packaged,WANA CL EXOTIC YUZU 2:1 HYBRID 100MG,Mixed,Pass,84.37,2027-09-01
3404042689322833,Location 2330 Sudderth - Ruidoso,Solid Orally Consumed Product Packaged,Elevated - Gummies - 100mg - Live ROSIN - Indica - Cherry,Jelly ZoNutz,Pass,75.79,2027-09-01
3406008505587982,Location 2330 Sudderth - Ruidoso,Solid Orally Consumed Product Packaged,NOSHY MIXED BERRY BLAST 3000MG,Mixed,Pass,90.47,2027-09-01
3493103598388539,Location 6505 US 380 - Carrizozo,Solid Orally Consumed Product Packaged,CHEEBA CHEW W/W RSO CHOCOLATE INDICA 100MG,RSO,Pass,76.86,2027-09-01
3537680065578459,Location 2330 Sudderth - Ruidoso,Solid Orally Consumed Product Packaged,Olio Gummies - Rec - Chili Lime Mango- 100mg,Mixed,Pass,65.4,2027-09-01
3544621574942226,Location 2330 Sudderth - Ruidoso,Solid Orally Consumed Product Packaged,Flight Bites - Aloha Sunrise - 10mg/pc - 100mg/un - Mixed - 70g,Mixed,Pass,72.87,2027-08-31
3565940952034339,Location 2330 Sudderth - Ruidoso,Solid Orally Consumed Product Packaged,EMERALD BAY ICE CREAM CAKE RSO TABLETS 1000MG (50PK),Mixed,Pass,72.86,2027-09-01
3663453258942201,Location 6505 US 380 - Carrizozo,Solid Orally Consumed Product Packaged,Stoney Road - Chocolate - Night Rider,Mixed,Pass,62.6,2027-09-01
3857179644614994,Location 2330 Sudderth - Ruidoso,Solid Orally Consumed Product Packaged,Ampersand - Edible Concentrate - 100mg - Strawberry Mojito (S),Acai Gelato (S),Pass,81.66,2027-09-01
3872376489615915,Location 6505 US 380 - Carrizozo,Solid Orally Consumed Product Packaged,EMERALD BAY ICE CREAM CAKE RSO TABLETS 100MG (5PK),Mixed,Pass,72.86,2027-09-01
3884650292226474,Location 6505 US 380 - Carrizozo,Solid Orally Consumed Product Packaged,CHEEBA CHEW W/W RSO CARAMEL HYBRID 100MG,RSO,Pass,76.86,2027-09-01
3916542469942043,Location 2330 Sudderth - Ruidoso,Solid Orally Consumed Product Packaged,Elevated - Gummies - 100mg - Distillate - Indica - Cherry,Mixed,Pass,87.92,2027-09-01
3939536539933661,Location 2330 Sudderth - Ruidoso,Solid Orally Consumed Product Packaged,Sublime - Singles - Gummies - Very Berry - 10mg,Mixed,Pass,73.1,2027-09-01
3947578837097848,Location 2330 Sudderth - Ruidoso,Solid Orally Consumed Product Packaged,Baked Chicken Farm - Gummies - Bites - Grape - 5mg,Jelly Fuel,Pass,0.16,2027-09-01
3963681535716025,Location 6505 US 380 - Carrizozo,Solid Orally Consumed Product Packaged,Elevated - Chocolate - 100mg - Live ROSIN - Sativa - Cookies and Cream,Jelly ZoNutz,Pass,75.79,2027-09-01
4035855780139291,Location 2330 Sudderth - Ruidoso,Solid Orally Consumed Product Packaged,Elevated - Honey Capsules - 100mg - Distillate - Indica - Sleep,Mixed,Pass,87.92,2027-09-01
4036181717975989,Location 2330 Sudderth - Ruidoso,Solid Orally Consumed Product Packaged,Elevated - Gummies - 100mg - Live ROSIN - Sativa - Strawberry,FG-Rosin Oil,Pass,79.25,2028-06-23
4082724933416197,Location 876 NM-48 - Alto,Solid Orally Consumed Product Packaged,EMERALD BAY MAC RSO TABLETS 1000MG (50PK),RSO (H),Pass,74.83,2027-09-01
4084821440960994,Location 876 NM-48 - Alto,Solid Orally Consumed Product Packaged,Sublime - Chocolate - Milk - 100mg,Mixed,Pass,91.93,2027-09-01
4085471591176698,Location 876 NM-48 - Alto,Solid Orally Consumed Product Packaged,Wyld - GF B22 - Grapefruit 100mg THC,Mixed,Pass,88.91,2027-08-31
4108615638003243,Location 6505 US 380 - Carrizozo,Solid Orally Consumed Product Packaged,GH WATERMELON HYBRID 1000MG,Mixed,Pass,89.49,2027-09-05
4134551676652813,Location 876 NM-48 - Alto,Solid Orally Consumed Product Packaged,Elevated - Gummies - 100mg - Distillate - Hybrid - Peach,Mixed,Pass,87.92,2027-09-01
4142164701255597,Location 2330 Sudderth - Ruidoso,Solid Orally Consumed Product Packaged,NOSHY PINEAPPLE MANGO PARADISE 3000MG,Mixed,Pass,90.47,2027-09-01
4181707052914480,Location 6505 US 380 - Carrizozo,Solid Orally Consumed Product Packaged,Stoney Road - Adios MF - Gummies - Purple Passion (I) - 100mg,Mixed,Pass,70.11,2027-09-01
4223544772938915,Location 2330 Sudderth - Ruidoso,Solid Orally Consumed Product Packaged,Sublime - Chocolate - Dark - 100mg,Mixed,Pass,90.74,2027-09-01
4246679151919897,Location 876 NM-48 - Alto,Solid Orally Consumed Product Packaged,Wyld - MB B38 - Marionberry 100mg THC,Mixed,Pass,88.91,2027-08-31
4256137089278383,Location 2330 Sudderth - Ruidoso,Solid Orally Consumed Product Packaged,CHEEBA CHEW W/W RSO CARAMEL HYBRID 100MG,RSO,Pass,76.86,2027-09-01
4270296090043359,Location 876 NM-48 - Alto,Solid Orally Consumed Product Packaged,Wyld - RB B46 - Raspberry 100mg THC,Mixed,Pass,89.76,2027-08-31
4278878969383137,Location 6505 US 380 - Carrizozo,Solid Orally Consumed Product Packaged,Elevated - Gummies - 100mg - Distillate - Hybrid - Peach,Mixed,Pass,87.92,2027-09-01
4317194687594481,Location 6505 US 380 - Carrizozo,Solid Orally Consumed Product Packaged,Stoney Road - Chocolate - Coco Pecana,Mixed,Pass,76.31,2027-09-01
4331127990716300,Location 2330 Sudderth - Ruidoso,Solid Orally Consumed Product Packaged,Baked Chicken Farm - Gummies - Bites - Grape - 5mg,Jelly Fuel,Pass,0.16,2027-09-01
4410557602013198,Location 876 NM-48 - Alto,Solid Orally Consumed Product Packaged,Elevated - Chocolate - 500mg - Distillate - Indica - Dark Raspberry,Mixed,Pass,87.92,2027-09-01
4464262057985067,Location 6505 US 380 - Carrizozo,Solid Orally Consumed Product Packaged,Elevated - Chocolate - 100mg - Live ROSIN - Sativa - Peanut Butter,Jelly ZoNutz,Pass,75.79,2027-09-01
4485749104604848,Location 6505 US 380 - Carrizozo,Solid Orally Consumed Product Packaged,Chew and Chill - Sour Grape - 100mg,,Pass,83.42,2027-09-01
4505615399987926,Location 2330 Sudderth - Ruidoso,Solid Orally Consumed Product Packaged,Wyld - RB B46 - Raspberry 100mg THC,Mixed,Pass,89.76,2027-08-31
4507274944459693,Location 2330 Sudderth - Ruidoso,Solid Orally Consumed Product Packaged,Wyld - MB B38 - Marionberry 100mg THC,Mixed,Pass,88.91,2027-08-31
4509598597955001,Location 2330 Sudderth - Ruidoso,Solid Orally Consumed Product Packaged,Wyld - POM B38 - Pomegranate 100mg THC,Mixed,Pass,89.76,2027-08-31
4512261386732876,Location 2330 Sudderth - Ruidoso,Solid Orally Consumed Product Packaged,Wyld - EB B60 - Elderberry 100mg THC,Mixed,Pass,89.76,2027-08-31
4514965268764078,Location 2330 Sudderth - Ruidoso,Solid Orally Consumed Product Packaged,Wyld - BSN B55 - Boysenberry 100mg THC,Mixed,Pass,89.76,2027-08-31
4517699084905852,Location 2330 Sudderth - Ruidoso,Solid Orally Consumed Product Packaged,Wyld - GF B22 - Grapefruit 100mg THC,Mixed,Pass,88.91,2027-08-31
4518701325652676,Location 2330 Sudderth - Ruidoso,Solid Orally Consumed Product Packaged,Flight Bites - Strawberry Shortcake - 10mg/pc - 100mg/un - Mixed - 90g,Mixed,Pass,72.87,2027-08-31
4564996031517476,Location 2330 Sudderth - Ruidoso,Solid Orally Consumed Product Packaged,Elevated - Gummies - 100mg - Live ROSIN - Indica - Mango,FG-Rosin Oil,Pass,79.25,2027-09-01
4655427343241743,Location 2330 Sudderth - Ruidoso,Solid Orally Consumed Product Packaged,Elevated - Chocolate - 100mg - Live ROSIN - Indica - Dark Mint,Jelly ZoNutz,Pass,75.79,2028-04-29
4659825065381999,Location 6505 US 380 - Carrizozo,Solid Orally Consumed Product Packaged,Sublime - Sucker - Cherry - 50mg,,Pass,91.81,2027-09-01
4814459344839781,Location 2330 Sudderth - Ruidoso,Solid Orally Consumed Product Packaged,EMERALD BAY MAC RSO TABLETS 1000MG (50PK),RSO (H),Pass,74.83,2027-09-01
4820964835965611,Location 6505 US 380 - Carrizozo,Solid Orally Consumed Product Packaged,Chew and Chill - Pink Lemonade - 100mg,,Pass,74.04,2027-09-01
4854879501346684,Location 6505 US 380 - Carrizozo,Solid Orally Consumed Product Packaged,Sublime - Pot Pretzels - Spicy Southwest - 100mg,,Pass,91.81,2027-09-01
4938865199033326,Location 2330 Sudderth - Ruidoso,Solid Orally Consumed Product Packaged,Sublime - Gummies - Watermelon - 100mg,Mixed,Pass,91.8,2027-09-01
5024125544069912,Location 6505 US 380 - Carrizozo,Solid Orally Consumed Product Packaged,Chew and Chill - Mango Tango - 100mg,,Pass,83.42,2027-09-01
5078513267441927,Location 876 NM-48 - Alto,Solid Orally Consumed Product Packaged,Sublime - Chocolate - Dark - 100mg,Mixed,Pass,90.74,2027-09-01
5146220200526812,Location 2330 Sudderth - Ruidoso,Solid Orally Consumed Product Packaged,Elevated - Chocolate - 100mg - Live ROSIN - Sativa - Milk,FG-Rosin Oil,Pass,79.25,2028-07-06
5328662644364038,Location 6505 US 380 - Carrizozo,Solid Orally Consumed Product Packaged,Elevated - Chocolate - 500mg - Distillate - Indica - Sleep Dark,Mixed,Pass,87.74,2027-09-01
5329568657392686,Location 2330 Sudderth - Ruidoso,Solid Orally Consumed Product Packaged,Elevated - Gummies - 100mg - Live ROSIN - Indica - Mango,FG-Rosin Oil,Pass,79.25,2028-07-06
5333529305643700,Location 2330 Sudderth - Ruidoso,Solid Orally Consumed Product Packaged,MED - Herbal Edibles - Chocolate Drops - 1000mg,Mixed,Pass,90.4,2027-09-01
5363315708721374,Location 2330 Sudderth - Ruidoso,Solid Orally Consumed Product Packaged,NOSHY WATERMELON CHERRY RUSH 3000MG,Mixed,Pass,90.47,2027-09-01
5367758177873791,Location 2330 Sudderth - Ruidoso,Solid Orally Consumed Product Packaged,Elevated - Gummies - 100mg - Distillate - Sativa - Green Apple,Mixed,Pass,87.02,2027-09-01
5378591742588666,Location 2330 Sudderth - Ruidoso,Solid Orally Consumed Product Packaged,Elevated - Chocolate - 100mg - Live ROSIN - Sativa - Cookies and Cream,Mixed,Pass,87.74,2028-07-07
5393305615223438,Location 2330 Sudderth - Ruidoso,Solid Orally Consumed Product Packaged,Elevated - Chocolate - 100mg - Distillate - Sativa - Milk,Mixed,Pass,87.92,2027-09-01
5440183914416719,Location 2330 Sudderth - Ruidoso,Solid Orally Consumed Product Packaged,Ampersand - Edible Concentrate - OG (H) - 100mg/g,Gush Mints (H),Pass,84.28,2028-08-18
5461575765528909,Location 2330 Sudderth - Ruidoso,Solid Orally Consumed Product Packaged,Sublime - Singles - Gummies - Watermelon Spritz - 10mg,Mixed,Pass,92.2,2027-09-01
5479929817713669,Location 2330 Sudderth - Ruidoso,Solid Orally Consumed Product Packaged,WANA CL RASPBERRY LIMEADE SATIVA 1000MG,Mixed,Pass,90.86,2027-09-01
5497919249073033,Location 6505 US 380 - Carrizozo,Solid Orally Consumed Product Packaged,Elevated - Gummies - 100mg - Distillate - Sativa - Green Apple,Mixed,Pass,87.02,2027-09-01
5525603099093106,Location 6505 US 380 - Carrizozo,Solid Orally Consumed Product Packaged,WANA CL MANGO SATIVA 100MG,Mixed,Pass,90.86,2027-09-01
5570852078492427,Location 6505 US 380 - Carrizozo,Solid Orally Consumed Product Packaged,Elevated - Gummies - 100mg - Distillate - Indica - Sleep Nightberry,Mixed,Pass,87.92,2027-09-01
5662078250806232,Location 2330 Sudderth - Ruidoso,Solid Orally Consumed Product Packaged,Stoney Road - Adios MF - Gummies - Kamikaze (S) - 100mg,,Pass,70.11,2027-09-01
5717722041119664,Location 6505 US 380 - Carrizozo,Solid Orally Consumed Product Packaged,NOSHY MIXED BERRY BLAST 3000MG,Mixed,Pass,90.47,2027-09-01
5736959270120141,Location 876 NM-48 - Alto,Solid Orally Consumed Product Packaged,CHEEBA CHEW W/W CARAMEL SATIVA 1000MG,Mixed,Pass,91.77,2027-04-30
5935331228265452,Location 876 NM-48 - Alto,Solid Orally Consumed Product Packaged,Elevated - Honey Capsules - 100mg - Distillate - Indica - Sleep,Mixed,Pass,87.92,2027-09-01
5977345626934585,Location 6505 US 380 - Carrizozo,Solid Orally Consumed Product Packaged,Elevated - Gummies - Rare - 100mg - Green Apple FOCUS (S) - 1:1 THC:CBG,Mixed,Pass,90.98,2027-09-01
5990985062283699,Location 2330 Sudderth - Ruidoso,Solid Orally Consumed Product Packaged,Sublime - Gummies - Blueberry Lemonade - 100mg,Mixed,Pass,82.87,2027-09-01
5995443567287765,Location 6505 US 380 - Carrizozo,Solid Orally Consumed Product Packaged,NOSHY WATERMELON CHERRY RUSH 3000MG,Mixed,Pass,90.47,2027-09-01
6029993061052231,Location 6505 US 380 - Carrizozo,Solid Orally Consumed Product Packaged,NOSHY MIXED BERRY BLAST 3000MG,Mixed,Pass,90.47,2027-09-01
6073338378675179,Location 2330 Sudderth - Ruidoso,Solid Orally Consumed Product Packaged,Olio Gummies - Rec - Passion Fruit - 100mg,Mixed,Pass,68.9,2027-09-01
6079671567370555,Location 2330 Sudderth - Ruidoso,Solid Orally Consumed Product Packaged,GH BLACK CHERRY 1:1 100MG,MIXED STRAINS,Pass,89.49,2028-05-04
6135073684685062,Location 6505 US 380 - Carrizozo,Solid Orally Consumed Product Packaged,WANA CL STRAWBERRY LEMONADE 1:1 HYBRID 100MG,Mixed,Pass,84.37,2027-09-01
6203893336186657,Location 2330 Sudderth - Ruidoso,Solid Orally Consumed Product Packaged,GH MANDARIN ENERGY 2:1 100MG,Mixed,Pass,91.96,2028-03-16
6233293704491456,Location 2330 Sudderth - Ruidoso,Solid Orally Consumed Product Packaged,GH GOODNIGHT GRAPE 100MG,MIXED STRAINS,Pass,90.47,2028-06-26
6254313818876230,Location 2330 Sudderth - Ruidoso,Solid Orally Consumed Product Packaged,Ampersand - Edible Concentrate - Strawberry Mojito (S) - 100mg/g,Acai Gelato (S),Pass,81.66,2028-08-18
6316598953133924,Location 876 NM-48 - Alto,Solid Orally Consumed Product Packaged,Wyld - EB B60 - Elderberry 100mg THC,Mixed,Pass,89.76,2027-08-31
6369800747670196,Location 2330 Sudderth - Ruidoso,Solid Orally Consumed Product Packaged,JOY BOMB SOUR BLENDS 1:1 100MG,Mixed,Pass,89.49,2027-11-11
6400798232064055,Location 2330 Sudderth - Ruidoso,Solid Orally Consumed Product Packaged,JOY BOMB TROPICAL 100MG,Mixed,Pass,90.06,2027-08-31
6408876461609041,Location 2330 Sudderth - Ruidoso,Solid Orally Consumed Product Packaged,Grape Galactic 100mg Gummies,super lemon haze,Pass,86,2027-08-31
6441632536173336,Location 6505 US 380 - Carrizozo,Solid Orally Consumed Product Packaged,Sublime - Chocolate - Milk - 100mg,Mixed,Pass,91.93,2027-09-01
6443462211357443,Location 2330 Sudderth - Ruidoso,Solid Orally Consumed Product Packaged,Mango Galactic 100mg Gummies,super lemon haze,Pass,86,2027-08-31
6444082440930197,Location 2330 Sudderth - Ruidoso,Solid Orally Consumed Product Packaged,Cherry Galactic 100mg Gummies,super lemon haze,Pass,86,2027-08-31
6463385847130950,Location 2330 Sudderth - Ruidoso,Solid Orally Consumed Product Packaged,FIRE BOMB HOT CINNAMON 100MG,Mixed,Pass,89.49,2027-11-13
6467906679515563,Location 876 NM-48 - Alto,Solid Orally Consumed Product Packaged,WANA CL BLUEBERRY LEMONADE INDICA 1000MG,Mixed,Pass,89.49,2027-09-01
6487217432957858,Location 2330 Sudderth - Ruidoso,Solid Orally Consumed Product Packaged,CHEEBA CHEW W/W RSO CARAMEL HYBRID 100MG,RSO,Pass,76.86,2027-09-01
6494621236381248,Location 2330 Sudderth - Ruidoso,Solid Orally Consumed Product Packaged,WANA CL BLUEBERRY LEMONADE INDICA 1000MG,Mixed,Pass,89.49,2027-05-07
6553346014188478,Location 876 NM-48 - Alto,Solid Orally Consumed Product Packaged,NOSHY MIXED BERRY BLAST 3000MG,Mixed,Pass,90.47,2027-09-01
6557022994628877,Location 2330 Sudderth - Ruidoso,Solid Orally Consumed Product Packaged,WANA CL MANGO SATIVA 100MG,Mixed,Pass,89.49,2027-06-09
6597119845160531,Location 2330 Sudderth - Ruidoso,Solid Orally Consumed Product Packaged,Elevated - Gummies - 100mg - Live ROSIN - Hybrid - Watermelon,Honey Beltz,Pass,89.23,2028-07-06
6614857723728753,Location 2330 Sudderth - Ruidoso,Solid Orally Consumed Product Packaged,Olio Gummies- Rec - Sour Peach - 100mg,Mixed,Pass,65.4,2027-09-01
6620412105054002,Location 2330 Sudderth - Ruidoso,Solid Orally Consumed Product Packaged,WANA OP DREAM BERRY STAY ASLEEP 100MG,Mixed,Pass,89.49,2027-07-21
6626360291178554,Location 6505 US 380 - Carrizozo,Solid Orally Consumed Product Packaged,Elevated - Chocolate - 500mg - Distillate - Indica - Dark,Mixed,Pass,87.9,2027-09-01
6638570536510423,Location 2330 Sudderth - Ruidoso,Solid Orally Consumed Product Packaged,WANA QK OP DREAM BERRY FAST ASLEEP 20MG,Mixed,Pass,89.49,2027-07-20
6653951722236937,Location 2330 Sudderth - Ruidoso,Solid Orally Consumed Product Packaged,WANA QK PEACH BELLINI SATIVA 100MG,Mixed,Pass,90.86,2027-04-15
6685456129255644,Location 6505 US 380 - Carrizozo,Solid Orally Consumed Product Packaged,Elevated - Gummies - 100mg - Distillate - Hybrid - Watermelon,Mixed,Pass,87.92,2027-09-01
6744145185598550,Location 2330 Sudderth - Ruidoso,Solid Orally Consumed Product Packaged,Elevated - Chocolate - 100mg - Distillate - Indica - Sleep Milk,Mixed,Pass,87.92,2027-09-01
6747231189905290,Location 2330 Sudderth - Ruidoso,Solid Orally Consumed Product Packaged,Elevated - Gummies - 100mg - Live ROSIN - Hybrid - Peach,FG-Rosin Oil,Pass,79.25,2028-07-06
6805622769614602,Location 6505 US 380 - Carrizozo,Solid Orally Consumed Product Packaged,Olio Gummies - Rec - Sour Raspberry - 100mg,Mixed,Pass,68.9,2027-09-01
6821590893349971,Location 6505 US 380 - Carrizozo,Solid Orally Consumed Product Packaged,WANA CL BLOOD ORANGE HYBRID 1000MG,Mixed,Pass,90.86,2027-09-01
6997761506027157,Location 6505 US 380 - Carrizozo,Solid Orally Consumed Product Packaged,Chew and Chill - Jasmine Peach - 100mg,,Pass,83.76,2027-09-01
7044868132941218,Location 2330 Sudderth - Ruidoso,Solid Orally Consumed Product Packaged,Baked Chicken Farm - Gummies - Bites - Grape - 5mg,Jelly Fuel,Pass,0.16,2027-09-01
7063209754133477,Location 6505 US 380 - Carrizozo,Solid Orally Consumed Product Packaged,Baked Chicken Farm - Gummies - Bites - Royal Coconut - 5mg,Gelato 33,Pass,0.16,2027-09-01
7089313838051959,Location 2330 Sudderth - Ruidoso,Solid Orally Consumed Product Packaged,Elevated - Chocolate - 100mg - Distillate - Indica - Dark Raspberry,Mixed,Pass,87.67,2027-09-01
7115067902974735,Location 6505 US 380 - Carrizozo,Solid Orally Consumed Product Packaged,Sublime - Pot Pretzels - Sweet n' Savory - 100mg,,Pass,91.81,2027-09-01
7124307444295002,Location 6505 US 380 - Carrizozo,Solid Orally Consumed Product Packaged,Sublime - Sucker - Blue Raspberry - 50mg,,Pass,91.8,2027-09-01
7127410515410987,Location 2330 Sudderth - Ruidoso,Solid Orally Consumed Product Packaged,Stoney Road - Adios MF - Gummies - Purple Passion (I) - 100mg,Mixed,Pass,70.11,2027-09-01
7211509816458676,Location 2330 Sudderth - Ruidoso,Solid Orally Consumed Product Packaged,Elevated - Chocolate - 500mg - Distillate - Indica - Sleep Dark,Mixed,Pass,87.74,2027-09-01
7234752784494898,Location 2330 Sudderth - Ruidoso,Solid Orally Consumed Product Packaged,Elevated - Gummies - 100mg - Live ROSIN - Indica - Mango,FG-Rosin Oil,Pass,79.25,2027-09-01
7248221738121117,Location 2330 Sudderth - Ruidoso,Solid Orally Consumed Product Packaged,Baked Chicken Farm - Gummies - Bites - Grape - 5mg,Jelly Fuel,Pass,0.16,2027-09-01
7310778356081609,Location 2330 Sudderth - Ruidoso,Solid Orally Consumed Product Packaged,Elevated - Gummies - 100mg - Live ROSIN - Hybrid - Watermelon,Honey Beltz,Pass,89.23,2027-09-01
7391060188179513,Location 2330 Sudderth - Ruidoso,Solid Orally Consumed Product Packaged,Elevated - Gummies - 100mg - Live ROSIN - Hybrid - Watermelon,Honey Beltz,Pass,89.23,2027-09-01
7413712505889272,Location 6505 US 380 - Carrizozo,Solid Orally Consumed Product Packaged,NOSHY PINEAPPLE MANGO PARADISE 3000MG,Mixed,Pass,90.47,2027-09-01
7413830744883348,Location 6505 US 380 - Carrizozo,Solid Orally Consumed Product Packaged,NOSHY PINEAPPLE MANGO PARADISE 3000MG,Mixed,Pass,90.47,2027-09-01
7468875024080972,Location 6505 US 380 - Carrizozo,Solid Orally Consumed Product Packaged,NOSHY WATERMELON CHERRY RUSH 3000MG,Mixed,Pass,90.47,2027-09-01
7468954335008660,Location 6505 US 380 - Carrizozo,Solid Orally Consumed Product Packaged,NOSHY WATERMELON CHERRY RUSH 3000MG,Mixed,Pass,90.47,2027-09-01
7526087800018824,Location 6505 US 380 - Carrizozo,Solid Orally Consumed Product Packaged,NOSHY MIXED BERRY BLAST 3000MG,Mixed,Pass,90.47,2027-09-01
7557699074321006,Location 6505 US 380 - Carrizozo,Solid Orally Consumed Product Packaged,Baked Chicken Farm - Gummies - Bites - Green Apple - 5mg,Cromagnon Man,Pass,0.19,2027-09-01
7571707682438115,Location 2330 Sudderth - Ruidoso,Solid Orally Consumed Product Packaged,Elevated - Honey Capsules - 500mg - Distillate - Indica - Sleep,Mixed,Pass,90.98,2027-09-01
7625561288002064,Location 2330 Sudderth - Ruidoso,Solid Orally Consumed Product Packaged,Stoney Road - Gummies - Key Lime - 10mg,Mixed,Pass,74.77,2027-09-01
7640928203898244,Location 2330 Sudderth - Ruidoso,Solid Orally Consumed Product Packaged,Sublime - Pot Pretzels - Sweet n' Savory - 100mg,,Pass,91.81,2027-09-01
7646353249674378,Location 2330 Sudderth - Ruidoso,Solid Orally Consumed Product Packaged,Ampersand - Edible Concentrate - OG (H) - 100mg/g,Gush Mints (H),Pass,84.28,2027-09-01
7656355567481893,Location 2330 Sudderth - Ruidoso,Solid Orally Consumed Product Packaged,Baked Chicken Farm - Gummies - Bites - Grape - 5mg,Jelly Fuel,Pass,0.16,2027-09-01
7673298130126326,Location 876 NM-48 - Alto,Solid Orally Consumed Product Packaged,Sublime - Pot Pretzels - Sweet n' Savory - 100mg,,Pass,91.81,2027-09-01
7695152445033325,Location 6505 US 380 - Carrizozo,Solid Orally Consumed Product Packaged,MED - Sublime - Dark Chocolate Bar 1000mg,Mixed,Pass,90.74,2027-09-01
7793623281131390,Location 6505 US 380 - Carrizozo,Solid Orally Consumed Product Packaged,Elevated - Chocolate - 500mg - Distillate - Indica - Dark Raspberry,Mixed,Pass,87.92,2027-09-01
7805144925682794,Location 6505 US 380 - Carrizozo,Solid Orally Consumed Product Packaged,T2.0 - Mike Bites - 100mg - Live ROSIN - Indica - Night Bite,FG-Rosin Oil,Pass,79.25,2028-09-21
7839708918594387,Location 2330 Sudderth - Ruidoso,Solid Orally Consumed Product Packaged,T2.0 - Mike Bites - 100mg - Live ROSIN - Indica - Night Bite,FG-Rosin Oil,Pass,79.25,2028-09-21
7845811713200733,Location 876 NM-48 - Alto,Solid Orally Consumed Product Packaged,T2.0 - Mike Bites - 100mg - Live ROSIN - Indica - Night Bite,FG-Rosin Oil,Pass,79.25,2028-09-21
7871080272418698,Location 2330 Sudderth - Ruidoso,Solid Orally Consumed Product Packaged,Elevated - Gummies - 100mg - Live ROSIN - Hybrid - Watermelon,Honey Beltz,Pass,89.23,2028-07-06
7873429284643802,Location 6505 US 380 - Carrizozo,Solid Orally Consumed Product Packaged,Stoney Road - Adios MF - Gummies - Kamikaze (S) - 100mg,,Pass,70.11,2027-09-01
7915453915658868,Location 6505 US 380 - Carrizozo,Solid Orally Consumed Product Packaged,Sublime - Caramel - Chews - 100mg,Mixed,Pass,87.98,2027-09-01
7916580235702375,Location 2330 Sudderth - Ruidoso,Solid Orally Consumed Product Packaged,Elevated - Honey Capsules - 500mg - Distillate - Indica - Sleep,Mixed,Pass,87.9,2027-09-01
7923603540951368,Location 2330 Sudderth - Ruidoso,Solid Orally Consumed Product Packaged,Olio Gummies - Rec - Passion Fruit - 100mg,Mixed,Pass,72.6,2027-09-01
7932817918060594,Location 6505 US 380 - Carrizozo,Solid Orally Consumed Product Packaged,Olio Gummies - Rec - Sour Grape Soda - 100mg,Mixed,Pass,68.9,2027-09-01
7967414385659414,Location 6505 US 380 - Carrizozo,Solid Orally Consumed Product Packaged,Sublime - Gummies - Very Berry - RSO - 100mg,Mixed,Pass,82.87,2027-09-01
7995624884284876,Location 6505 US 380 - Carrizozo,Solid Orally Consumed Product Packaged,Baked Chicken Farm - Gummies - Bites - Royal Coconut - 5mg,Gelato 33,Pass,0.16,2027-09-01
7998122570939776,Location 2330 Sudderth - Ruidoso,Solid Orally Consumed Product Packaged,WANA CL RASPBERRY LIMEADE SATIVA 1000MG,Mixed,Pass,90.86,2027-09-01
8168727211392648,Location 2330 Sudderth - Ruidoso,Solid Orally Consumed Product Packaged,GH WATERMELON SATIVA 100MG,Mixed,Pass,90.06,2027-09-01
8170062455950035,Location 6505 US 380 - Carrizozo,Solid Orally Consumed Product Packaged,Elevated - Chocolate - 100mg - Live ROSIN - Sativa - Cookies and Cream,Jelly ZoNutz,Pass,75.79,2027-09-01
8181074789894598,Location 2330 Sudderth - Ruidoso,Solid Orally Consumed Product Packaged,Elevated - Honey Capsules - 500mg - Distillate - Indica - Sleep,Mixed,Pass,90.98,2027-09-01
8231333211465017,Location 2330 Sudderth - Ruidoso,Solid Orally Consumed Product Packaged,Elevated - Chocolate - 100mg - Distillate - Indica - Sleep Dark,Mixed,Pass,87.92,2027-09-01
8235265622722462,Location 6505 US 380 - Carrizozo,Solid Orally Consumed Product Packaged,Chew and Chill - Lavender Elderberry - 100mg,,Pass,83.42,2027-09-01
8296187931206364,Location 2330 Sudderth - Ruidoso,Solid Orally Consumed Product Packaged,EMERALD BAY MAC RSO TABLETS 100MG (5PK),RSO (H),Pass,74.83,2027-09-01
8327489883146599,Location 2330 Sudderth - Ruidoso,Solid Orally Consumed Product Packaged,Elevated - Honey Capsules - 100mg - Live ROSIN - Sativa,Jelly ZoNutz,Pass,75.79,2027-09-01
8329477123890274,Location 6505 US 380 - Carrizozo,Solid Orally Consumed Product Packaged,EMERALD BAY BLUE DREAM RSO TABLETS 100MG (5PK),Mixed,Pass,87.73,2027-09-01
8350349605689008,Location 6505 US 380 - Carrizozo,Solid Orally Consumed Product Packaged,EMERALD BAY MAC RSO TABLETS 100MG (5PK),RSO (H),Pass,74.83,2027-09-01
8350361889994557,Location 6505 US 380 - Carrizozo,Solid Orally Consumed Product Packaged,Sublime - Gummies - Very Berry - RSO - 100mg,,Pass,79.68,2027-09-01
8366270930314473,Location 2330 Sudderth - Ruidoso,Solid Orally Consumed Product Packaged,Chew and Chill - Mango Tango - 100mg,,Pass,83.42,2027-09-01
8524305961134608,Location 2330 Sudderth - Ruidoso,Solid Orally Consumed Product Packaged,GH WATERMELON SATIVA 100MG,Mixed,Pass,90.06,2027-09-01
8609526248792714,Location 6505 US 380 - Carrizozo,Solid Orally Consumed Product Packaged,Cherry Galactic 100mg Gummies,super lemon haze,Pass,86,2027-08-31
8609640049767537,Location 2330 Sudderth - Ruidoso,Solid Orally Consumed Product Packaged,Elevated - Gummies - 100mg - Live ROSIN - Sativa - Green Apple,FG-Rosin Oil,Pass,79.25,2028-06-23
8635171662120487,Location 876 NM-48 - Alto,Solid Orally Consumed Product Packaged,Cherry Galactic 100mg Gummies,super lemon haze,Pass,86,2027-08-31
8640940140691429,Location 2330 Sudderth - Ruidoso,Solid Orally Consumed Product Packaged,Elevated - Chocolate - 100mg - Distillate - Indica - Sleep Milk,Mixed,Pass,87.02,2028-08-26
8702012825844896,Location 6505 US 380 - Carrizozo,Solid Orally Consumed Product Packaged,Mango Galactic 100mg Gummies,super lemon haze,Pass,86,2027-08-31
8715343771097422,Location 876 NM-48 - Alto,Solid Orally Consumed Product Packaged,Mango Galactic 100mg Gummies,super lemon haze,Pass,86,2027-08-31
8846227645984437,Location 6505 US 380 - Carrizozo,Solid Orally Consumed Product Packaged,Baked Chicken Farm - Gummies - Bites - Grape - 5mg,Jelly Fuel,Pass,0.16,2027-09-01
8884853513813036,Location 6505 US 380 - Carrizozo,Solid Orally Consumed Product Packaged,Stoney Road - Adios MF - Gummies - Washington Apple (I) - 100mg,Mixed,Pass,70.11,2027-09-01
8896229334184929,Location 6505 US 380 - Carrizozo,Solid Orally Consumed Product Packaged,WANA QK LIMONCELLO HYBRID 100MG,Mixed,Pass,84.37,2027-09-01
8914656668840752,Location 2330 Sudderth - Ruidoso,Solid Orally Consumed Product Packaged,Elevated - Gummies - 100mg - Distillate - Sativa - Strawberry,Mixed,Pass,87.74,2027-09-01
8920356818507807,Location 6505 US 380 - Carrizozo,Solid Orally Consumed Product Packaged,Elevated - Gummies - 100mg - Distillate - Sativa - Strawberry,Mixed,Pass,87.74,2027-09-01
8963058476292484,Location 2330 Sudderth - Ruidoso,Solid Orally Consumed Product Packaged,Stoney Road - Adios MF - Gummies - Washington Apple (I) - 100mg,Mixed,Pass,70.11,2027-09-01
9010097599626776,Location 6505 US 380 - Carrizozo,Solid Orally Consumed Product Packaged,MED - Sublime - Milk Chocolate - 1000mg,Mixed,Pass,91.41,2027-09-01
9263506369804122,Location 6505 US 380 - Carrizozo,Solid Orally Consumed Product Packaged,EMERALD BAY ICE CREAM CAKE RSO TABLETS 1000MG (50PK),Mixed,Pass,72.86,2027-09-01
9317587180868268,Location 2330 Sudderth - Ruidoso,Solid Orally Consumed Product Packaged,GH GREEN APPLE HYBRID 1000MG,Mixed,Pass,89.49,2027-09-01
9329412581813291,Location 876 NM-48 - Alto,Solid Orally Consumed Product Packaged,Elevated - Honey Capsules - 500mg - Distillate - Indica - Sleep,Mixed,Pass,90.98,2027-09-01
9412998390486739,Location 6505 US 380 - Carrizozo,Solid Orally Consumed Product Packaged,Sublime - Chocolate - Cookies and Cream - 100mg,Mixed,Pass,91.93,2027-09-01
9430293624050080,Location 2330 Sudderth - Ruidoso,Solid Orally Consumed Product Packaged,MED - Sublime - Dark Chocolate Bar 1000mg,Mixed,Pass,90.74,2027-09-01
9459319700171110,Location 2330 Sudderth - Ruidoso,Solid Orally Consumed Product Packaged,Elevated - Honey Capsules - 100mg - Live ROSIN - Indica,Jelly ZoNutz,Pass,75.79,2027-09-01
9510602764245024,Location 2330 Sudderth - Ruidoso,Solid Orally Consumed Product Packaged,Sublime - Sucker - Blue Raspberry - 50mg,,Pass,91.8,2027-09-01
9513680983814446,Location 2330 Sudderth - Ruidoso,Solid Orally Consumed Product Packaged,Sublime - Gummies - Tropic Punch - 100mg,Mixed,Pass,91.81,2027-09-01
9534698190851881,Location 6505 US 380 - Carrizozo,Solid Orally Consumed Product Packaged,GH GREEN APPLE HYBRID 1000MG,Mixed,Pass,91.96,2027-09-01
9754548492532242,Location 2330 Sudderth - Ruidoso,Solid Orally Consumed Product Packaged,Elevated - Chocolate - 500mg - Distillate - Indica - Dark Raspberry,Mixed,Pass,87.92,2027-09-01
9770404894561949,Location 2330 Sudderth - Ruidoso,Solid Orally Consumed Product Packaged,Elevated - Gummies - 100mg - Distillate - Indica - Sleep Nightberry,Mixed,Pass,87.92,2027-09-01
9834694165855312,Location 6505 US 380 - Carrizozo,Solid Orally Consumed Product Packaged,Elevated - Chocolate - 100mg - Distillate - Indica - Sleep Milk,Mixed,Pass,90.4,2027-09-01
9852608468785374,Location 6505 US 380 - Carrizozo,Solid Orally Consumed Product Packaged,EMERALD BAY MAC RSO TABLETS 1000MG (50PK),RSO (H),Pass,74.83,2027-09-01
9863368273083419,Location 6505 US 380 - Carrizozo,Solid Orally Consumed Product Packaged,MED - Wyld - Elderberry - 1000mg,Mixed,Pass,87.74,2027-09-01
9899720666760566,Location 2330 Sudderth - Ruidoso,Solid Orally Consumed Product Packaged,Elevated - Gummies - 100mg - Distillate - Hybrid - Watermelon,Mixed,Pass,87.92,2027-09-01
9950762551328358,Location 6505 US 380 - Carrizozo,Solid Orally Consumed Product Packaged,Sublime - Sucker - Grape - 50mg,,Pass,91.8,2027-09-01
0563179572807319,Location 2330 Sudderth - Ruidoso,Solid Topical Packaged,DROOL DOWNTIME STICK 1000MG 2:1,Mixed,Pass,91.96,2027-09-01
2754146179994639,Location 6505 US 380 - Carrizozo,Solid Topical Packaged,DROOL DOWNTIME STICK 1000MG 2:1:1,Mixed,Pass,91.96,2027-09-01
7428547320634115,Location 2330 Sudderth - Ruidoso,Solid Topical Packaged,MTE - Salve - 1:1 - Wonder Bear - 1000mg/1000mg,Tropicana Cherry,Pass,87.02,2027-09-01
9490738807422322,Location 876 NM-48 - Alto,Solid Topical Packaged,MTE - Salve - 1:1 - Wonder Bear - 1000mg/1000mg,Tropicana Cherry,Pass,87.02,2027-09-01
9966825177885690,Location 6505 US 380 - Carrizozo,Solid Topical Packaged,DROOL DOWNTIME STICK 1000MG 2:1:1,Mixed,Pass,91.41,2027-09-01
